variant_id	gene_id	chr_id	position	ref_allele	alt_allele	feature	type_id	source_id	fpred_labels	fpred_scores	fpred_max_label	fpred_max_score	qtl_beta	qtl_se	qtl_pval	qtl_score	interval_score	qtl_score_q	interval_score_q	d	distance_score	distance_score_q
1:121427008:T:TA	ENSG00000171943	1	121427008	T	TA	GTEx-eQTL-MINOR_SALIVARY_GLAND	eqtl	eqtl	[]	[]			-0.173116	0.0399672	2.93623e-05	4.5322099283818025		0.0				
1:121429132:G:GAGTAGCTGGGACTACAGGTGCCAAGCTAC	ENSG00000171943	1	121429132	G	GAGTAGCTGGGACTACAGGTGCCAAGCTAC	GTEx-eQTL-MINOR_SALIVARY_GLAND	eqtl	eqtl	[]	[]			-0.172064	0.0396648	2.8613e-05	4.543436605139815		0.0				
1:121399295:G:C	ENSG00000171943	1	121399295	G	C	GTEx-eQTL-MINOR_SALIVARY_GLAND	eqtl	eqtl	[]	[]			-0.172169	0.0394304	2.55498e-05	4.59261249510799		0.0				
2:95053958:C:A	ENSG00000144026	2	95053958	C	A	GTEx-eQTL-MINOR_SALIVARY_GLAND	eqtl	eqtl	[]	[]			-0.533017	0.12203	2.53967e-05	4.595222711131955		0.0				
1:121522281:G:A	ENSG00000171943	1	121522281	G	A	GTEx-eQTL-MINOR_SALIVARY_GLAND	eqtl	eqtl	[]	[]			-0.19611	0.0446163	2.27464e-05	4.643087327967319		0.0				
2:89869901:G:A	ENSG00000276566	2	89869901	G	A	GTEx-eQTL-MINOR_SALIVARY_GLAND	eqtl	eqtl	[]	[]			1.60315	0.363293	2.12181e-05	4.673293508109487		0.0				
3:48342898:C:T	ENSG00000229453	3	48342898	C	T	GTEx-eQTL-MINOR_SALIVARY_GLAND	eqtl	eqtl	[]	[]			1.18412	0.268011	2.07672e-05	4.682622054573361		0.0				
2:89873105:C:T	ENSG00000276566	2	89873105	C	T	GTEx-eQTL-MINOR_SALIVARY_GLAND	eqtl	eqtl	[]	[]			1.67396	0.378399	2.0303e-05	4.692439785378264		0.0				
3:47964183:A:C	ENSG00000229453	3	47964183	A	C	GTEx-eQTL-MINOR_SALIVARY_GLAND	eqtl	eqtl	[]	[]			1.28694	0.290872	2.02507e-05	4.693559960060027		0.0				
1:121353046:A:T	ENSG00000171943	1	121353046	A	T	GTEx-eQTL-MINOR_SALIVARY_GLAND	eqtl	eqtl	[]	[]			-0.176344	0.0398553	2.02362e-05	4.693871036988951		0.0				
2:89969293:G:A	ENSG00000276566	2	89969293	G	A	GTEx-eQTL-MINOR_SALIVARY_GLAND	eqtl	eqtl	[]	[]			1.47428	0.333004	2.0024e-05	4.698449163399832		0.0				
1:121418442:G:A	ENSG00000171943	1	121418442	G	A	GTEx-eQTL-MINOR_SALIVARY_GLAND	eqtl	eqtl	[]	[]			-0.167722	0.0378598	1.97955e-05	4.703433524247793		0.0				
3:49249364:G:A	ENSG00000213672	3	49249364	G	A	GTEx-eQTL-MINOR_SALIVARY_GLAND	eqtl	eqtl	[]	[]			0.148339	0.0334689	1.96321e-05	4.707033242446248		0.0				
3:49226417:G:A	ENSG00000213672	3	49226417	G	A	GTEx-eQTL-MINOR_SALIVARY_GLAND	eqtl	eqtl	[]	[]			0.148339	0.0334689	1.96321e-05	4.707033242446248		0.0				
3:49224874:A:G	ENSG00000213672	3	49224874	A	G	GTEx-eQTL-MINOR_SALIVARY_GLAND	eqtl	eqtl	[]	[]			0.148339	0.0334689	1.96321e-05	4.707033242446248		0.0				
3:49182236:C:T	ENSG00000213672	3	49182236	C	T	GTEx-eQTL-MINOR_SALIVARY_GLAND	eqtl	eqtl	[]	[]			0.148339	0.0334689	1.96321e-05	4.707033242446248		0.0				
3:49238372:A:G	ENSG00000213672	3	49238372	A	G	GTEx-eQTL-MINOR_SALIVARY_GLAND	eqtl	eqtl	[]	[]			0.148339	0.0334689	1.96321e-05	4.707033242446248		0.0				
3:49192497:C:T	ENSG00000213672	3	49192497	C	T	GTEx-eQTL-MINOR_SALIVARY_GLAND	eqtl	eqtl	[]	[]			0.148339	0.0334689	1.96321e-05	4.707033242446248		0.0				
3:49236563:C:T	ENSG00000213672	3	49236563	C	T	GTEx-eQTL-MINOR_SALIVARY_GLAND	eqtl	eqtl	[]	[]			0.148339	0.0334689	1.96321e-05	4.707033242446248		0.0				
3:49212438:C:T	ENSG00000213672	3	49212438	C	T	GTEx-eQTL-MINOR_SALIVARY_GLAND	eqtl	eqtl	[]	[]			0.148339	0.0334689	1.96321e-05	4.707033242446248		0.0				
3:49250326:T:C	ENSG00000213672	3	49250326	T	C	GTEx-eQTL-MINOR_SALIVARY_GLAND	eqtl	eqtl	[]	[]			0.148339	0.0334689	1.96321e-05	4.707033242446248		0.0				
3:49199961:T:C	ENSG00000213672	3	49199961	T	C	GTEx-eQTL-MINOR_SALIVARY_GLAND	eqtl	eqtl	[]	[]			0.148339	0.0334689	1.96321e-05	4.707033242446248		0.0				
3:49214931:C:T	ENSG00000213672	3	49214931	C	T	GTEx-eQTL-MINOR_SALIVARY_GLAND	eqtl	eqtl	[]	[]			0.148339	0.0334689	1.96321e-05	4.707033242446248		0.0				
3:49192663:G:A	ENSG00000213672	3	49192663	G	A	GTEx-eQTL-MINOR_SALIVARY_GLAND	eqtl	eqtl	[]	[]			0.148339	0.0334689	1.96321e-05	4.707033242446248		0.0				
3:49237393:T:G	ENSG00000213672	3	49237393	T	G	GTEx-eQTL-MINOR_SALIVARY_GLAND	eqtl	eqtl	[]	[]			0.148339	0.0334689	1.96321e-05	4.707033242446248		0.0				
5:70046994:G:C	ENSG00000172062	5	70046994	G	C	GTEx-eQTL-MINOR_SALIVARY_GLAND	eqtl	eqtl	[]	[]			0.237268	0.0535069	1.9458e-05	4.710901800943383		0.0				
2:89166722:G:GA	ENSG00000242766	2	89166722	G	GA	GTEx-eQTL-MINOR_SALIVARY_GLAND	eqtl	eqtl	[]	[]			1.03304	0.23294	1.94243e-05	4.711654623060641		0.0				
3:49098528:C:G	ENSG00000177479	3	49098528	C	G	GTEx-eQTL-MINOR_SALIVARY_GLAND	eqtl	eqtl	[]	[]			0.0792935	0.0178542	1.89299e-05	4.722851680255056		0.0				
3:49776393:T:C	ENSG00000178252	3	49776393	T	C	GTEx-eQTL-MINOR_SALIVARY_GLAND	eqtl	eqtl	[]	[]			0.175608	0.039538	1.89046e-05	4.723432507385317		0.0				
3:49559622:C:T	ENSG00000178252	3	49559622	C	T	GTEx-eQTL-MINOR_SALIVARY_GLAND	eqtl	eqtl	[]	[]			0.175608	0.039538	1.89046e-05	4.723432507385317		0.0				
3:49589233:C:T	ENSG00000178252	3	49589233	C	T	GTEx-eQTL-MINOR_SALIVARY_GLAND	eqtl	eqtl	[]	[]			0.175608	0.039538	1.89046e-05	4.723432507385317		0.0				
3:49614101:C:T	ENSG00000178252	3	49614101	C	T	GTEx-eQTL-MINOR_SALIVARY_GLAND	eqtl	eqtl	[]	[]			0.175608	0.039538	1.89046e-05	4.723432507385317		0.0				
3:49712543:G:A	ENSG00000178252	3	49712543	G	A	GTEx-eQTL-MINOR_SALIVARY_GLAND	eqtl	eqtl	[]	[]			0.175608	0.039538	1.89046e-05	4.723432507385317		0.0				
3:49589167:C:T	ENSG00000178252	3	49589167	C	T	GTEx-eQTL-MINOR_SALIVARY_GLAND	eqtl	eqtl	[]	[]			0.175608	0.039538	1.89046e-05	4.723432507385317		0.0				
3:48292056:T:C	ENSG00000164048	3	48292056	T	C	GTEx-eQTL-MINOR_SALIVARY_GLAND	eqtl	eqtl	[]	[]			0.140934	0.0316795	1.83603e-05	4.736120226877688		0.0				
2:89883539:G:T	ENSG00000276566	2	89883539	G	T	GTEx-eQTL-MINOR_SALIVARY_GLAND	eqtl	eqtl	[]	[]			1.51364	0.34013	1.82548e-05	4.738622920828314		0.0				
3:48727735:A:G	ENSG00000178252	3	48727735	A	G	GTEx-eQTL-MINOR_SALIVARY_GLAND	eqtl	eqtl	[]	[]			0.145998	0.0327376	1.75703e-05	4.755220823181297		0.0				
3:48724976:T:A	ENSG00000178252	3	48724976	T	A	GTEx-eQTL-MINOR_SALIVARY_GLAND	eqtl	eqtl	[]	[]			0.145998	0.0327376	1.75703e-05	4.755220823181297		0.0				
3:48717444:G:T	ENSG00000178252	3	48717444	G	T	GTEx-eQTL-MINOR_SALIVARY_GLAND	eqtl	eqtl	[]	[]			0.145998	0.0327376	1.75703e-05	4.755220823181297		0.0				
3:48725250:C:G	ENSG00000178252	3	48725250	C	G	GTEx-eQTL-MINOR_SALIVARY_GLAND	eqtl	eqtl	[]	[]			0.145998	0.0327376	1.75703e-05	4.755220823181297		0.0				
3:48961890:G:A	ENSG00000178252	3	48961890	G	A	GTEx-eQTL-MINOR_SALIVARY_GLAND	eqtl	eqtl	[]	[]			-0.111923	0.0250947	1.7543e-05	4.755896136623492		0.0				
3:49224161:C:T	ENSG00000213672	3	49224161	C	T	GTEx-eQTL-MINOR_SALIVARY_GLAND	eqtl	eqtl	[]	[]			0.146332	0.0328055	1.75008e-05	4.756942098305455		0.0				
3:49195295:G:A	ENSG00000213672	3	49195295	G	A	GTEx-eQTL-MINOR_SALIVARY_GLAND	eqtl	eqtl	[]	[]			0.146332	0.0328055	1.75008e-05	4.756942098305455		0.0				
3:49199901:C:T	ENSG00000213672	3	49199901	C	T	GTEx-eQTL-MINOR_SALIVARY_GLAND	eqtl	eqtl	[]	[]			0.146332	0.0328055	1.75008e-05	4.756942098305455		0.0				
3:49261942:C:A	ENSG00000213672	3	49261942	C	A	GTEx-eQTL-MINOR_SALIVARY_GLAND	eqtl	eqtl	[]	[]			0.146332	0.0328055	1.75008e-05	4.756942098305455		0.0				
3:49238531:G:A	ENSG00000213672	3	49238531	G	A	GTEx-eQTL-MINOR_SALIVARY_GLAND	eqtl	eqtl	[]	[]			0.146332	0.0328055	1.75008e-05	4.756942098305455		0.0				
3:49229339:C:T	ENSG00000213672	3	49229339	C	T	GTEx-eQTL-MINOR_SALIVARY_GLAND	eqtl	eqtl	[]	[]			0.146332	0.0328055	1.75008e-05	4.756942098305455		0.0				
3:49136573:G:C	ENSG00000213672	3	49136573	G	C	GTEx-eQTL-MINOR_SALIVARY_GLAND	eqtl	eqtl	[]	[]			0.150736	0.0337911	1.74866e-05	4.757294624185152		0.0				
3:49147362:A:T	ENSG00000213672	3	49147362	A	T	GTEx-eQTL-MINOR_SALIVARY_GLAND	eqtl	eqtl	[]	[]			0.150736	0.0337911	1.74866e-05	4.757294624185152		0.0				
3:49145499:G:A	ENSG00000213672	3	49145499	G	A	GTEx-eQTL-MINOR_SALIVARY_GLAND	eqtl	eqtl	[]	[]			0.150736	0.0337911	1.74866e-05	4.757294624185152		0.0				
3:49151762:C:T	ENSG00000213672	3	49151762	C	T	GTEx-eQTL-MINOR_SALIVARY_GLAND	eqtl	eqtl	[]	[]			0.150736	0.0337911	1.74866e-05	4.757294624185152		0.0				
2:89214013:T:A	ENSG00000239571	2	89214013	T	A	GTEx-eQTL-MINOR_SALIVARY_GLAND	eqtl	eqtl	[]	[]			1.32143	0.296227	1.7482e-05	4.757408884099948		0.0				
1:121424199:C:G	ENSG00000171943	1	121424199	C	G	GTEx-eQTL-MINOR_SALIVARY_GLAND	eqtl	eqtl	[]	[]			-0.170342	0.0381103	1.68672e-05	4.772957005465137		0.0				
15:43944106:G:A	ENSG00000166762	15	43944106	G	A	GTEx-eQTL-MINOR_SALIVARY_GLAND	eqtl	eqtl	[]	[]			-0.443394	0.0991394	1.66831e-05	4.777723246995499		0.0				
2:90096848:G:A	ENSG00000242766	2	90096848	G	A	GTEx-eQTL-MINOR_SALIVARY_GLAND	eqtl	eqtl	[]	[]			2.78299	0.622243	1.66768e-05	4.777887279577642		0.0				
2:89151589:T:A	ENSG00000242766	2	89151589	T	A	GTEx-eQTL-MINOR_SALIVARY_GLAND	eqtl	eqtl	[]	[]			2.78299	0.622243	1.66768e-05	4.777887279577642		0.0				
2:89967597:G:T	ENSG00000242766	2	89967597	G	T	GTEx-eQTL-MINOR_SALIVARY_GLAND	eqtl	eqtl	[]	[]			2.78299	0.622243	1.66768e-05	4.777887279577642		0.0				
3:48062959:C:A	ENSG00000229453	3	48062959	C	A	GTEx-eQTL-MINOR_SALIVARY_GLAND	eqtl	eqtl	[]	[]			-1.28852	0.287985	1.65591e-05	4.78096327115352		0.0				
3:47967329:C:T	ENSG00000229453	3	47967329	C	T	GTEx-eQTL-MINOR_SALIVARY_GLAND	eqtl	eqtl	[]	[]			1.28852	0.287985	1.65591e-05	4.78096327115352		0.0				
3:47995588:G:A	ENSG00000229453	3	47995588	G	A	GTEx-eQTL-MINOR_SALIVARY_GLAND	eqtl	eqtl	[]	[]			-1.28852	0.287985	1.65591e-05	4.78096327115352		0.0				
3:48002769:T:TACTC	ENSG00000229453	3	48002769	T	TACTC	GTEx-eQTL-MINOR_SALIVARY_GLAND	eqtl	eqtl	[]	[]			-1.28852	0.287985	1.65591e-05	4.78096327115352		0.0				
3:48006384:C:T	ENSG00000229453	3	48006384	C	T	GTEx-eQTL-MINOR_SALIVARY_GLAND	eqtl	eqtl	[]	[]			-1.28852	0.287985	1.65591e-05	4.78096327115352		0.0				
3:47987628:A:C	ENSG00000229453	3	47987628	A	C	GTEx-eQTL-MINOR_SALIVARY_GLAND	eqtl	eqtl	[]	[]			-1.28852	0.287985	1.65591e-05	4.78096327115352		0.0				
3:47974682:T:C	ENSG00000229453	3	47974682	T	C	GTEx-eQTL-MINOR_SALIVARY_GLAND	eqtl	eqtl	[]	[]			1.28852	0.287985	1.65591e-05	4.78096327115352		0.0				
3:47971307:C:T	ENSG00000229453	3	47971307	C	T	GTEx-eQTL-MINOR_SALIVARY_GLAND	eqtl	eqtl	[]	[]			1.28852	0.287985	1.65591e-05	4.78096327115352		0.0				
3:48072134:A:G	ENSG00000229453	3	48072134	A	G	GTEx-eQTL-MINOR_SALIVARY_GLAND	eqtl	eqtl	[]	[]			-1.28852	0.287985	1.65591e-05	4.78096327115352		0.0				
3:48038028:AT:A	ENSG00000229453	3	48038028	AT	A	GTEx-eQTL-MINOR_SALIVARY_GLAND	eqtl	eqtl	[]	[]			-1.28852	0.287985	1.65591e-05	4.78096327115352		0.0				
3:48028158:A:G	ENSG00000229453	3	48028158	A	G	GTEx-eQTL-MINOR_SALIVARY_GLAND	eqtl	eqtl	[]	[]			-1.28852	0.287985	1.65591e-05	4.78096327115352		0.0				
3:47967134:T:G	ENSG00000229453	3	47967134	T	G	GTEx-eQTL-MINOR_SALIVARY_GLAND	eqtl	eqtl	[]	[]			1.28852	0.287985	1.65591e-05	4.78096327115352		0.0				
3:47981083:A:C	ENSG00000229453	3	47981083	A	C	GTEx-eQTL-MINOR_SALIVARY_GLAND	eqtl	eqtl	[]	[]			-1.28852	0.287985	1.65591e-05	4.78096327115352		0.0				
3:48036211:C:T	ENSG00000229453	3	48036211	C	T	GTEx-eQTL-MINOR_SALIVARY_GLAND	eqtl	eqtl	[]	[]			-1.28852	0.287985	1.65591e-05	4.78096327115352		0.0				
3:48916344:G:A	ENSG00000178252	3	48916344	G	A	GTEx-eQTL-MINOR_SALIVARY_GLAND	eqtl	eqtl	[]	[]			0.169941	0.0379722	1.64831e-05	4.782961106577951		0.0				
2:90076831:C:T	ENSG00000242580	2	90076831	C	T	GTEx-eQTL-MINOR_SALIVARY_GLAND	eqtl	eqtl	[]	[]			1.0119	0.226073	1.64437e-05	4.784000455117974		0.0				
3:48352066:A:G	ENSG00000229453	3	48352066	A	G	GTEx-eQTL-MINOR_SALIVARY_GLAND	eqtl	eqtl	[]	[]			1.18844	0.265484	1.64092e-05	4.784912591649811		0.0				
2:89823479:C:T	ENSG00000239571	2	89823479	C	T	GTEx-eQTL-MINOR_SALIVARY_GLAND	eqtl	eqtl	[]	[]			1.36784	0.305559	1.64083e-05	4.784936412174459		0.0				
1:121345816:G:A	ENSG00000171943	1	121345816	G	A	GTEx-eQTL-MINOR_SALIVARY_GLAND	eqtl	eqtl	[]	[]			-0.170993	0.0381876	1.63293e-05	4.7870324320822695		0.0				
1:121384736:T:C	ENSG00000171943	1	121384736	T	C	GTEx-eQTL-MINOR_SALIVARY_GLAND	eqtl	eqtl	[]	[]			-0.170993	0.0381876	1.63293e-05	4.7870324320822695		0.0				
1:121350624:A:G	ENSG00000171943	1	121350624	A	G	GTEx-eQTL-MINOR_SALIVARY_GLAND	eqtl	eqtl	[]	[]			-0.170993	0.0381876	1.63293e-05	4.7870324320822695		0.0				
5:70548210:T:C	ENSG00000145736	5	70548210	T	C	GTEx-eQTL-MINOR_SALIVARY_GLAND	eqtl	eqtl	[]	[]			0.920639	0.205584	1.62992e-05	4.7878337111857245		0.0				
3:48013063:A:G	ENSG00000229453	3	48013063	A	G	GTEx-eQTL-MINOR_SALIVARY_GLAND	eqtl	eqtl	[]	[]			-1.33534	0.298156	1.62656e-05	4.78872991197739		0.0				
3:48014919:T:C	ENSG00000229453	3	48014919	T	C	GTEx-eQTL-MINOR_SALIVARY_GLAND	eqtl	eqtl	[]	[]			-1.33534	0.298156	1.62656e-05	4.78872991197739		0.0				
2:89878507:T:TA	ENSG00000242766	2	89878507	T	TA	GTEx-eQTL-MINOR_SALIVARY_GLAND	eqtl	eqtl	[]	[]			1.60108	0.357354	1.61542e-05	4.791714544559884		0.0				
3:47853391:CGAG:C	ENSG00000164048	3	47853391	CGAG	C	GTEx-eQTL-MINOR_SALIVARY_GLAND	eqtl	eqtl	[]	[]			0.193532	0.0431623	1.59305e-05	4.797770593073119		0.0				
3:48043859:A:T	ENSG00000164048	3	48043859	A	T	GTEx-eQTL-MINOR_SALIVARY_GLAND	eqtl	eqtl	[]	[]			-0.164949	0.0367866	1.59224e-05	4.797991470002958		0.0				
2:89962789:C:T	ENSG00000276566	2	89962789	C	T	GTEx-eQTL-MINOR_SALIVARY_GLAND	eqtl	eqtl	[]	[]			1.77862	0.396423	1.57468e-05	4.802807688448437		0.0				
16:66670578:G:A	ENSG00000140939	16	66670578	G	A	GTEx-eQTL-MINOR_SALIVARY_GLAND	eqtl	eqtl	[]	[]			-0.451786	0.100673	1.56825e-05	4.804584703790628		0.0				
3:48401516:C:T	ENSG00000178252	3	48401516	C	T	GTEx-eQTL-MINOR_SALIVARY_GLAND	eqtl	eqtl	[]	[]			-0.328362	0.0731546	1.56231e-05	4.806232787404007		0.0				
16:30950700:T:C	ENSG00000099377	16	30950700	T	C	GTEx-eQTL-MINOR_SALIVARY_GLAND	eqtl	eqtl	[]	[]			0.401381	0.0893091	1.52668e-05	4.816251983767448		0.0				
16:30927982:TCA:T	ENSG00000099377	16	30927982	TCA	T	GTEx-eQTL-MINOR_SALIVARY_GLAND	eqtl	eqtl	[]	[]			0.401381	0.0893091	1.52668e-05	4.816251983767448		0.0				
16:30952988:G:T	ENSG00000099377	16	30952988	G	T	GTEx-eQTL-MINOR_SALIVARY_GLAND	eqtl	eqtl	[]	[]			0.401381	0.0893091	1.52668e-05	4.816251983767448		0.0				
16:30920028:A:C	ENSG00000099377	16	30920028	A	C	GTEx-eQTL-MINOR_SALIVARY_GLAND	eqtl	eqtl	[]	[]			0.401381	0.0893091	1.52668e-05	4.816251983767448		0.0				
16:30975943:G:C	ENSG00000099377	16	30975943	G	C	GTEx-eQTL-MINOR_SALIVARY_GLAND	eqtl	eqtl	[]	[]			0.401381	0.0893091	1.52668e-05	4.816251983767448		0.0				
16:30970099:C:T	ENSG00000099377	16	30970099	C	T	GTEx-eQTL-MINOR_SALIVARY_GLAND	eqtl	eqtl	[]	[]			0.401381	0.0893091	1.52668e-05	4.816251983767448		0.0				
16:30988113:T:C	ENSG00000099377	16	30988113	T	C	GTEx-eQTL-MINOR_SALIVARY_GLAND	eqtl	eqtl	[]	[]			0.401381	0.0893091	1.52668e-05	4.816251983767448		0.0				
16:30975605:AT:A	ENSG00000099377	16	30975605	AT	A	GTEx-eQTL-MINOR_SALIVARY_GLAND	eqtl	eqtl	[]	[]			0.401381	0.0893091	1.52668e-05	4.816251983767448		0.0				
16:30921743:C:T	ENSG00000099377	16	30921743	C	T	GTEx-eQTL-MINOR_SALIVARY_GLAND	eqtl	eqtl	[]	[]			0.401381	0.0893091	1.52668e-05	4.816251983767448		0.0				
3:48108373:A:G	ENSG00000164045	3	48108373	A	G	GTEx-eQTL-MINOR_SALIVARY_GLAND	eqtl	eqtl	[]	[]			-0.381206	0.0847424	1.50129e-05	4.8235354081999615		0.0				
3:47610630:T:C	ENSG00000229453	3	47610630	T	C	GTEx-eQTL-MINOR_SALIVARY_GLAND	eqtl	eqtl	[]	[]			1.26683	0.281597	1.49923e-05	4.824131736018662		0.0				
3:47612724:GAAGGT:G	ENSG00000229453	3	47612724	GAAGGT	G	GTEx-eQTL-MINOR_SALIVARY_GLAND	eqtl	eqtl	[]	[]			1.26683	0.281597	1.49923e-05	4.824131736018662		0.0				
3:47693210:A:G	ENSG00000229453	3	47693210	A	G	GTEx-eQTL-MINOR_SALIVARY_GLAND	eqtl	eqtl	[]	[]			1.26683	0.281597	1.49923e-05	4.824131736018662		0.0				
3:47608585:C:A	ENSG00000229453	3	47608585	C	A	GTEx-eQTL-MINOR_SALIVARY_GLAND	eqtl	eqtl	[]	[]			1.26683	0.281597	1.49923e-05	4.824131736018662		0.0				
3:47601913:T:C	ENSG00000229453	3	47601913	T	C	GTEx-eQTL-MINOR_SALIVARY_GLAND	eqtl	eqtl	[]	[]			1.26683	0.281597	1.49923e-05	4.824131736018662		0.0				
3:47619342:C:G	ENSG00000229453	3	47619342	C	G	GTEx-eQTL-MINOR_SALIVARY_GLAND	eqtl	eqtl	[]	[]			1.26683	0.281597	1.49923e-05	4.824131736018662		0.0				
3:47655314:A:C	ENSG00000229453	3	47655314	A	C	GTEx-eQTL-MINOR_SALIVARY_GLAND	eqtl	eqtl	[]	[]			1.26683	0.281597	1.49923e-05	4.824131736018662		0.0				
3:47677321:G:A	ENSG00000229453	3	47677321	G	A	GTEx-eQTL-MINOR_SALIVARY_GLAND	eqtl	eqtl	[]	[]			1.26683	0.281597	1.49923e-05	4.824131736018662		0.0				
3:47688175:G:A	ENSG00000229453	3	47688175	G	A	GTEx-eQTL-MINOR_SALIVARY_GLAND	eqtl	eqtl	[]	[]			1.26683	0.281597	1.49923e-05	4.824131736018662		0.0				
1:121580012:G:A	ENSG00000171943	1	121580012	G	A	GTEx-eQTL-MINOR_SALIVARY_GLAND	eqtl	eqtl	[]	[]			-0.182779	0.040612	1.48797e-05	4.827405824815541		0.0				
3:49163194:A:G	ENSG00000213672	3	49163194	A	G	GTEx-eQTL-MINOR_SALIVARY_GLAND	eqtl	eqtl	[]	[]			0.152352	0.033842	1.48045e-05	4.829606255678115		0.0				
3:50136592:T:C	ENSG00000004534	3	50136592	T	C	GTEx-eQTL-MINOR_SALIVARY_GLAND	eqtl	eqtl	[]	[]			-0.131814	0.0292764	1.47713e-05	4.830581281398835		0.0				
3:47904327:A:T	ENSG00000164048	3	47904327	A	T	GTEx-eQTL-MINOR_SALIVARY_GLAND	eqtl	eqtl	[]	[]			0.172209	0.0382324	1.4659e-05	4.833895655158383		0.0				
5:69332425:A:G	ENSG00000183323	5	69332425	A	G	GTEx-eQTL-MINOR_SALIVARY_GLAND	eqtl	eqtl	[]	[]			-0.154309	0.0342564	1.46447e-05	4.834319520512191		0.0				
5:69331764:T:C	ENSG00000183323	5	69331764	T	C	GTEx-eQTL-MINOR_SALIVARY_GLAND	eqtl	eqtl	[]	[]			-0.154309	0.0342564	1.46447e-05	4.834319520512191		0.0				
5:69325883:C:T	ENSG00000183323	5	69325883	C	T	GTEx-eQTL-MINOR_SALIVARY_GLAND	eqtl	eqtl	[]	[]			-0.154309	0.0342564	1.46447e-05	4.834319520512191		0.0				
5:69331477:T:C	ENSG00000183323	5	69331477	T	C	GTEx-eQTL-MINOR_SALIVARY_GLAND	eqtl	eqtl	[]	[]			-0.154309	0.0342564	1.46447e-05	4.834319520512191		0.0				
5:69333292:T:C	ENSG00000183323	5	69333292	T	C	GTEx-eQTL-MINOR_SALIVARY_GLAND	eqtl	eqtl	[]	[]			-0.154309	0.0342564	1.46447e-05	4.834319520512191		0.0				
5:69329959:T:C	ENSG00000183323	5	69329959	T	C	GTEx-eQTL-MINOR_SALIVARY_GLAND	eqtl	eqtl	[]	[]			-0.154309	0.0342564	1.46447e-05	4.834319520512191		0.0				
16:29780254:C:G	ENSG00000149922	16	29780254	C	G	GTEx-eQTL-MINOR_SALIVARY_GLAND	eqtl	eqtl	[]	[]			0.7664	0.170109	1.45952e-05	4.835789949439156		0.0				
16:29747337:T:G	ENSG00000149922	16	29747337	T	G	GTEx-eQTL-MINOR_SALIVARY_GLAND	eqtl	eqtl	[]	[]			0.7664	0.170109	1.45952e-05	4.835789949439156		0.0				
16:29771895:G:C	ENSG00000149922	16	29771895	G	C	GTEx-eQTL-MINOR_SALIVARY_GLAND	eqtl	eqtl	[]	[]			0.7664	0.170109	1.45952e-05	4.835789949439156		0.0				
3:50202905:T:C	ENSG00000004534	3	50202905	T	C	GTEx-eQTL-MINOR_SALIVARY_GLAND	eqtl	eqtl	[]	[]			-0.123696	0.0274549	1.45895e-05	4.83595959165431		0.0				
3:49155648:A:G	ENSG00000178252	3	49155648	A	G	GTEx-eQTL-MINOR_SALIVARY_GLAND	eqtl	eqtl	[]	[]			-0.106208	0.0235697	1.45488e-05	4.83717282625679		0.0				