variant_id	mondo_id	efo_id	study_id	lead_chrom	lead_pos	lead_ref	lead_alt	direction	beta	beta_ci_lower	beta_ci_upper	odds_ratio	oddsr_ci_lower	oddsr_ci_upper	pval_mantissa	pval_exponent	pval	ancestry_initial	ancestry_replication	n_cases	n_initial	n_replication	pmid	pub_author	pub_date	pub_journal	pub_title	has_sumstats	num_assoc_loci	source	trait_reported	trait_efos	trait_category	tag_chrom	tag_pos	tag_ref	tag_alt	overall_r2	pics_95perc_credset	AFR_1000G_prop	AMR_1000G_prop	EAS_1000G_prop	EUR_1000G_prop	SAS_1000G_prop	log10_ABF	posterior_prob
1:1010747:GT:G	NA	EFO_0007010	NEALE2_20003_1140867876	1	1010747	GT	G	-				0.3464239658215028	0.2372663081628671	0.5058011186869372	4.02417	-8	4.02417e-08	['European=361141']	[]	491.0	361141	0.0		UKB Neale v2	2018-08-01			True	6	NEALE	Prozac 20mg capsule | treatment/medication code	['EFO_0007010']	measurement	1	988598	A	AG	0.551468126881	True	0.0	0.0	0.0	1.0	0.0	5.112385010047364	0.004867160933888
1:1009731:C:T	NA	EFO_0007937	GCST90087821	1	1009731	C	T	+	0.707278	0.5564011777996241	0.8581548222003759				4.0	-20	4e-20	['European=5366']	[]		5366		PMID:35078996	Gudjonsson A	2022-01-25	Nat Commun	A genome-wide association study of serum proteins reveals shared loci with common diseases.	False	2	GCST	Serum levels of protein ISG15	['EFO_0007937']	measurement	1	988598	A	AG	0.803520410449	True	0.0	0.0	0.0	1.0	0.0		
1:1008088:T:C	NA	EFO_0007937	GCST006585_950	1	1008088	T	C	+	0.73554206	0.5305998818099342	0.9404842381900658				2.0	-12	2e-12	['European=3200']	[]		3200		PMID:30072576	Emilsson V	2018-08-02	Science	Co-regulatory networks of human serum proteins link genetics to disease.	False	1	GCST	Blood protein levels [ISG15, 14151_4_3]	['EFO_0007937']	measurement	1	988598	A	AG	0.825908352025	True	0.0	0.0	0.0	1.0	0.0		
1:1010747:GT:G	NA	EFO_0007010	NEALE2_20003_1140867876	1	1010747	GT	G	-				0.3464239658215028	0.2372663081628671	0.5058011186869372	4.02417	-8	4.02417e-08	['European=361141']	[]	491.0	361141	0.0		UKB Neale v2	2018-08-01			True	6	NEALE	Prozac 20mg capsule | treatment/medication code	['EFO_0007010']	measurement	1	1002833	A	G	0.593195716864	True	0.0	0.0	0.0	1.0	0.0	5.070617407516725	0.004668058255565
1:1009731:C:T	NA	EFO_0007937	GCST90087821	1	1009731	C	T	+	0.707278	0.5564011777996241	0.8581548222003759				4.0	-20	4e-20	['European=5366']	[]		5366		PMID:35078996	Gudjonsson A	2022-01-25	Nat Commun	A genome-wide association study of serum proteins reveals shared loci with common diseases.	False	2	GCST	Serum levels of protein ISG15	['EFO_0007937']	measurement	1	1002833	A	G	0.8507830196409999	True	0.0	0.0	0.0	1.0	0.0		
1:1008088:T:C	NA	EFO_0007937	GCST006585_950	1	1008088	T	C	+	0.73554206	0.5305998818099342	0.9404842381900658				2.0	-12	2e-12	['European=3200']	[]		3200		PMID:30072576	Emilsson V	2018-08-02	Science	Co-regulatory networks of human serum proteins link genetics to disease.	False	1	GCST	Blood protein levels [ISG15, 14151_4_3]	['EFO_0007937']	measurement	1	1002833	A	G	0.874365255625	True	0.0	0.0	0.0	1.0	0.0		
1:1010747:GT:G	NA	EFO_0007010	NEALE2_20003_1140867876	1	1010747	GT	G	-				0.3464239658215028	0.2372663081628671	0.5058011186869372	4.02417	-8	4.02417e-08	['European=361141']	[]	491.0	361141	0.0		UKB Neale v2	2018-08-01			True	6	NEALE	Prozac 20mg capsule | treatment/medication code	['EFO_0007010']	measurement	1	1013541	T	C	0.7753242756250001	True	0.0	0.0	0.0	1.0	0.0	6.682048355825145	0.023386855702531
1:1009731:C:T	NA	EFO_0007937	GCST90087821	1	1009731	C	T	+	0.707278	0.5564011777996241	0.8581548222003759				4.0	-20	4e-20	['European=5366']	[]		5366		PMID:35078996	Gudjonsson A	2022-01-25	Nat Commun	A genome-wide association study of serum proteins reveals shared loci with common diseases.	False	2	GCST	Serum levels of protein ISG15	['EFO_0007937']	measurement	1	1013541	T	C	0.899396173225	True	0.0	0.0	0.0	1.0	0.0		
1:1008088:T:C	NA	EFO_0007937	GCST006585_950	1	1008088	T	C	+	0.73554206	0.5305998818099342	0.9404842381900658				2.0	-12	2e-12	['European=3200']	[]		3200		PMID:30072576	Emilsson V	2018-08-02	Science	Co-regulatory networks of human serum proteins link genetics to disease.	False	1	GCST	Blood protein levels [ISG15, 14151_4_3]	['EFO_0007937']	measurement	1	1013541	T	C	0.924205358736	True	0.0	0.0	0.0	1.0	0.0		
1:1032846:C:A	NA	EFO_0004464	GCST90095129	1	1032846	C	A	+	6.93	4.972029008336591	8.887970991663408				4.0	-12	4e-12	['European=33748']	[]		33748		PMID:34910505	van der Meer D	2021-12-15	Sci Adv	The genetic architecture of human cortical folding.	False	868	GCST	Vertex-wise sulcal depth	['EFO_0004464']	measurement	1	1027226	G	A	0.686622705129	False	0.0	0.0	0.0	1.0	0.0		
1:1022868:A:G	NA	EFO_0004339	NEALE2_50_raw	1	1022868	A	G	+	0.0908756999999999	0.0605976199999999	0.1211537799999999				4.04012	-9	4.04012e-09	['European=360388']	[]		360388	0.0		UKB Neale v2	2018-08-01			True	1526	NEALE	Standing height	['EFO_0004339']	measurement	1	1027226	G	A	0.5675482761639999	False	0.0	0.0	0.0	1.0	0.0		
1:1020217:G:T	NA	EFO_0004339	GCST90025949	1	1020217	G	T	+	0.0114033	0.0081803152	0.0146262848				2.2000000000000006	-12	2.2000000000000007e-12	['European=458235']	[]		458235		PMID:34226706	Barton AR	2021-07-05	Nat Genet	Whole-exome imputation within UK Biobank powers rare coding variant association and fine-mapping analyses.	True	1832	GCST	Height	['EFO_0004339']	measurement	1	1027226	G	A	0.540549918841	False	0.0	0.0	0.0	1.0	0.0		
1:1027511:C:T	NA	EFO_0007878	NEALE2_1558	1	1027511	C	T	+	0.0205908	0.013764806	0.0274167939999999				3.37498	-9	3.3749800000000003e-09	['European=360726']	[]		360726	0.0		UKB Neale v2	2018-08-01			True	72	NEALE	Alcohol intake frequency.	['EFO_0007878']	measurement	1	1027226	G	A	0.9689449224999999	True	0.0	0.0	0.0	1.0	0.0	12.494745592871633	0.091480919793703
1:999842:C:A	NA	EFO_0004612	GCST90018956	1	999842	C	A	-	-0.0145	-0.0187379811910896	-0.0102620188089103				2.0	-11	2e-11	['European=315133' 'East Asian=74970']	[]		390103		PMID:34594039	Sakaue S	2021-09-30	Nat Genet	A cross-population atlas of genetic associations for 220 human phenotypes.	False	265	GCST	HDL cholesterol	['EFO_0004612']	measurement	1	1027226	G	A	0.62489025	False	0.0	0.0	0.19218001399630355	0.8078199860036964	0.0		
1:1023573:A:G	NA	EFO_0004339	GCST007841	1	1023573	A	G								2.0	-12	2e-12	['European=458000']	[]		458000		PMID:30595370	Kichaev G	2018-12-27	Am J Hum Genet	Leveraging Polygenic Functional Enrichment to Improve GWAS Power.	False	1409	GCST	Height	['EFO_0004339']	measurement	1	1027226	G	A	0.5970621992039999	False	0.0	0.0	0.0	1.0	0.0		
1:999842:C:A	NA	EFO_0004614	GCST90025955	1	999842	C	A	-	-0.0136996999999999	-0.0178243827999999	-0.0095750171999999				8.800000000000002	-12	8.800000000000003e-12	['European=398508']	[]		398508		PMID:34226706	Barton AR	2021-07-05	Nat Genet	Whole-exome imputation within UK Biobank powers rare coding variant association and fine-mapping analyses.	True	447	GCST	Apolipoprotein A1 levels	['EFO_0004614']	measurement	1	1027226	G	A	0.6529334898489999	False	0.0	0.0	0.0	1.0	0.0		
1:1060101:T:G	NA	EFO_0007937	GCST90087821	1	1060101	T	G	-	-0.165803	-0.2029119534612937	-0.1286940465387062				2.0	-18	2e-18	['European=5366']	[]		5366		PMID:35078996	Gudjonsson A	2022-01-25	Nat Commun	A genome-wide association study of serum proteins reveals shared loci with common diseases.	False	2	GCST	Serum levels of protein ISG15	['EFO_0007937']	measurement	1	1027226	G	A	0.7525996256249999	False	0.0	0.0	0.0	1.0	0.0		
1:1023573:A:G	NA	EFO_0011011	NEALE2_20015_raw	1	1023573	A	G	+	0.0518207	0.034338676	0.069302724				6.25672	-9	6.25672e-09	['European=360066']	[]		360066	0.0		UKB Neale v2	2018-08-01			True	1021	NEALE	Sitting height	['EFO_0011011']	measurement	1	1027226	G	A	0.5970621992039999	False	0.0	0.0	0.0	1.0	0.0		
1:989148:C:A	NA	EFO_0004614	GCST010241	1	989148	C	A	-	-0.0133466	-0.0172474717079308	-0.0094457282920691				2.0	-11	2e-11	['European=393193']	[]		393193		PMID:32203549	Richardson TG	2020-03-23	PLoS Med	Evaluating the relationship between circulating lipoprotein lipids and apolipoproteins with risk of coronary heart disease: A multivariable Mendelian randomisation analysis.	False	465	GCST	Apolipoprotein A1 levels	['EFO_0004614']	measurement	1	1027226	G	A	0.5723679024999999	False	0.0	0.0	0.0	1.0	0.0		
1:978953:C:G	NA	EFO_0007878	NEALE2_1628	1	978953	C	G	+	0.0100263	0.0064503388	0.0136022612				3.89954	-8	3.89954e-08	['European=334989']	[]		334989	0.0		UKB Neale v2	2018-08-01			True	10	NEALE	Alcohol intake versus 10 years previously	['EFO_0007878']	measurement	1	1027226	G	A								7.756811352912242	0.004754464013421
1:999842:C:A	NA	EFO_0004612	GCST010242	1	999842	C	A	-	-0.0124547	-0.0162294636669409	-0.008679936333059				1.0	-10	1e-10	['European=403943']	[]		403943		PMID:32203549	Richardson TG	2020-03-23	PLoS Med	Evaluating the relationship between circulating lipoprotein lipids and apolipoproteins with risk of coronary heart disease: A multivariable Mendelian randomisation analysis.	False	573	GCST	HDL cholesterol levels	['EFO_0004612']	measurement	1	1027226	G	A	0.6529334898489999	False	0.0	0.0	0.0	1.0	0.0		
1:999842:C:A	NA	EFO_0004612	GCST90025956	1	999842	C	A	-	-0.0133581	-0.0173368608	-0.0093793392				2.7	-12	2.7000000000000002e-12	['European=400754']	[]		400754		PMID:34226706	Barton AR	2021-07-05	Nat Genet	Whole-exome imputation within UK Biobank powers rare coding variant association and fine-mapping analyses.	True	623	GCST	HDL cholesterol levels	['EFO_0004612']	measurement	1	1027226	G	A	0.6529334898489999	False	0.0	0.0	0.0	1.0	0.0		
1:1163962:A:C	NA	EFO_0004531	GCST90025965	1	1163962	A	C	+	0.0246663999999999	0.0170728307999999	0.0322599691999999				1.8	-10	1.8e-10	['European=437354']	[]		437354		PMID:34226706	Barton AR	2021-07-05	Nat Genet	Whole-exome imputation within UK Biobank powers rare coding variant association and fine-mapping analyses.	True	507	GCST	Urate levels	['EFO_0004531']	measurement	1	1132485	A	C	0.5017597225	False	0.0	0.0	0.0	1.0	0.0		
1:1152303:T:C	NA	EFO_0004531	GCST90019524	1	1152303	T	C	+	0.0285	0.0191865959741239	0.037813404025876				2.0	-9	2e-09	['European=342087' 'African unspecified=6011' 'South Asian=7328']	[]		355426		PMID:33462484	Sinnott-Armstrong N	2021-01-18	Nat Genet	Genetics of 35 blood and urine biomarkers in the UK Biobank.	False	137	GCST	Urate levels	['EFO_0004531']	measurement	1	1132485	A	C	0.653059550641	False	0.016912099846381524	0.0	0.0	0.962470387647499	0.020617512506119418		
1:1152303:T:C	NA	EFO_0004531	GCST011119	1	1152303	T	C	+	0.0265	0.0192305744427182	0.0337694255572817				9.0	-13	9e-13	['European=454183']	[]		454183		PMID:33356394	Gill D	2020-12-28	Hypertension	Urate, Blood Pressure, and Cardiovascular Disease: Evidence From Mendelian Randomization and Meta-Analysis of Clinical Trials.	False	251	GCST	Urate levels	['EFO_0004531']	measurement	1	1132485	A	C	0.666980922721	False	0.0	0.0	0.0	1.0	0.0		
1:1150799:T:C	NA	EFO_0004838	GCST012398	1	1150799	T	C	-	-0.002376	-0.002856073807019	-0.0018959261929809				3.0	-22	3e-22	['European=305349']	[]		305349		PMID:33887147	Young WJ	2021-04-22	Circ Genom Precis Med	Genetically-Determined Serum Calcium Levels and Markers of Ventricular Repolarisation: A Mendelian Randomization Study in the UK Biobank.	False	235	GCST	Calcium levels	['EFO_0004838']	measurement	1	1147418	G	A	0.8403957263609999	False	0.0	0.0	0.0	1.0	0.0		
1:1216593:G:C	NA	EFO_0003924	GCST006988	1	1216593	G	C								2.0	-9	2e-09	['European=323317']	[]		323317		PMID:30531825	Morgan MD	2018-12-10	Nat Commun	Genome-wide study of hair colour in UK Biobank explains most of the SNP heritability.	False	127	GCST	Blond vs. brown/black hair color	['EFO_0003924']	phenotype	1	1230797	G	C	0.577317314596	True	0.0	0.0	0.0	1.0	0.0		
1:1243545:G:A	NA	EFO_0002690	GCST011096	1	1243545	G	A	-				0.84	0.792973382512494	0.8898154913653518	3.0	-9	3.0000000000000004e-09	['European=12615' 'East Asian=12653']	[]	8798.0	25268		PMID:33536424	Wang YF	2021-02-03	Nat Commun	Identification of 38 novel loci for systemic lupus erythematosus and genetic heterogeneity between ancestral groups.	False	28	GCST	Systemic lupus erythematosus	['EFO_0002690']	urinary system disease	1	1230797	G	C	0.7456978774440001	True	0.0	0.0	0.5007519392116511	0.4992480607883489	0.0		
1:1216593:G:C	NA	EFO_0003924	NEALE2_1747_1	1	1216593	G	C	+				1.0679481573771106	1.0465850852149683	1.0897472961894008	1.81209	-10	1.81209e-10	['European=360270']	[]	41178.0	360270	0.0		UKB Neale v2	2018-08-01			True	240	NEALE	Blonde | hair colour (natural, before greying)	['EFO_0003924']	phenotype	1	1230797	G	C	0.577317314596	True	0.0	0.0	0.0	1.0	0.0		
1:1238231:G:A	MONDO_0005083	EFO_0000676	GCST005537	1	1238231	G	A								2.0	-10	2e-10	['European=86475']	[]	52262.0	86475		PMID:26974007	Ellinghaus D	2016-03-14	Nat Genet	Analysis of five chronic inflammatory diseases identifies 27 new associations and highlights disease-specific patterns at shared loci.	False	156	GCST	Chronic inflammatory diseases (ankylosing spondylitis, Crohn's disease, psoriasis, primary sclerosing cholangitis, ulcerative colitis) (pleiotropy) [subset analysis]	['EFO_0000676' 'EFO_0003898' 'EFO_0004268' 'EFO_0000384' 'EFO_0000729']	gastrointestinal disease	1	1230797	G	C	0.616261110529	True	0.0	0.0	0.0	1.0	0.0		
1:1238231:G:A	MONDO_0005306	EFO_0003898	GCST005537	1	1238231	G	A								2.0	-10	2e-10	['European=86475']	[]	52262.0	86475		PMID:26974007	Ellinghaus D	2016-03-14	Nat Genet	Analysis of five chronic inflammatory diseases identifies 27 new associations and highlights disease-specific patterns at shared loci.	False	156	GCST	Chronic inflammatory diseases (ankylosing spondylitis, Crohn's disease, psoriasis, primary sclerosing cholangitis, ulcerative colitis) (pleiotropy) [subset analysis]	['EFO_0000676' 'EFO_0003898' 'EFO_0004268' 'EFO_0000384' 'EFO_0000729']	gastrointestinal disease	1	1230797	G	C	0.616261110529	True	0.0	0.0	0.0	1.0	0.0		
1:1238231:G:A	MONDO_0018646	EFO_0004268	GCST005537	1	1238231	G	A								2.0	-10	2e-10	['European=86475']	[]	52262.0	86475		PMID:26974007	Ellinghaus D	2016-03-14	Nat Genet	Analysis of five chronic inflammatory diseases identifies 27 new associations and highlights disease-specific patterns at shared loci.	False	156	GCST	Chronic inflammatory diseases (ankylosing spondylitis, Crohn's disease, psoriasis, primary sclerosing cholangitis, ulcerative colitis) (pleiotropy) [subset analysis]	['EFO_0000676' 'EFO_0003898' 'EFO_0004268' 'EFO_0000384' 'EFO_0000729']	gastrointestinal disease	1	1230797	G	C	0.616261110529	True	0.0	0.0	0.0	1.0	0.0		
1:1238231:G:A	MONDO_0005011	EFO_0000384	GCST005537	1	1238231	G	A								2.0	-10	2e-10	['European=86475']	[]	52262.0	86475		PMID:26974007	Ellinghaus D	2016-03-14	Nat Genet	Analysis of five chronic inflammatory diseases identifies 27 new associations and highlights disease-specific patterns at shared loci.	False	156	GCST	Chronic inflammatory diseases (ankylosing spondylitis, Crohn's disease, psoriasis, primary sclerosing cholangitis, ulcerative colitis) (pleiotropy) [subset analysis]	['EFO_0000676' 'EFO_0003898' 'EFO_0004268' 'EFO_0000384' 'EFO_0000729']	gastrointestinal disease	1	1230797	G	C	0.616261110529	True	0.0	0.0	0.0	1.0	0.0		
1:1238231:G:A	MONDO_0005101	EFO_0000729	GCST005537	1	1238231	G	A								2.0	-10	2e-10	['European=86475']	[]	52262.0	86475		PMID:26974007	Ellinghaus D	2016-03-14	Nat Genet	Analysis of five chronic inflammatory diseases identifies 27 new associations and highlights disease-specific patterns at shared loci.	False	156	GCST	Chronic inflammatory diseases (ankylosing spondylitis, Crohn's disease, psoriasis, primary sclerosing cholangitis, ulcerative colitis) (pleiotropy) [subset analysis]	['EFO_0000676' 'EFO_0003898' 'EFO_0004268' 'EFO_0000384' 'EFO_0000729']	gastrointestinal disease	1	1230797	G	C	0.616261110529	True	0.0	0.0	0.0	1.0	0.0		
1:1227055:C:A	NA	EFO_0007937	GCST006585_154	1	1227055	C	A	-	-0.2713308	-0.352600617529343	-0.1900609824706569				6.0	-11	6e-11	['European=3200']	[]		3200		PMID:30072576	Emilsson V	2018-08-02	Science	Co-regulatory networks of human serum proteins link genetics to disease.	False	1	GCST	Blood protein levels [B3GALT6, 7981_230_3]	['EFO_0007937']	measurement	1	1230797	G	C	0.987721920964	True	0.0	0.0	0.0	1.0	0.0		
1:1216593:G:C	NA	EFO_0009933	GCST007932	1	1216593	G	C								3.0	-8	3.0000000000000004e-08	['European=305582']	[]	24832.0	305582		PMID:31015401	Wu Y	2019-04-23	Nat Commun	Genome-wide association study of medication-use and associated disease in the UK Biobank.	False	132	GCST	Medication use (thyroid preparations)	['EFO_0009933']	measurement	1	1230797	G	C	0.577317314596	True	0.0	0.0	0.0	1.0	0.0		
1:1209273:G:A	NA	EFO_0007937	GCST90089963	1	1209273	G	A	-	-0.243576	-0.3028505314701587	-0.1843014685298412				8.0	-16	8e-16	['European=5358']	[]		5358		PMID:35078996	Gudjonsson A	2022-01-25	Nat Commun	A genome-wide association study of serum proteins reveals shared loci with common diseases.	False	1	GCST	Serum levels of protein B3GALT6	['EFO_0007937']	measurement	1	1230797	G	C	0.927193742281	True	0.0	0.0	0.0	1.0	0.0		
1:1022868:A:G	NA	EFO_0004339	NEALE2_50_raw	1	1022868	A	G	+	0.0908756999999999	0.0605976199999999	0.1211537799999999				4.04012	-9	4.04012e-09	['European=360388']	[]		360388	0.0		UKB Neale v2	2018-08-01			True	1526	NEALE	Standing height	['EFO_0004339']	measurement	1	1364721	C	T								9.365816843406774	0.003977319874687
1:1367373:T:TGTG	NA	EFO_0004695	NEALE2_5263_raw	1	1367373	T	TGTG	-	-0.185772	-0.2522787199999999	-0.11926528				4.392870000000001	-8	4.392870000000001e-08	['European=76510']	[]		76510	0.0		UKB Neale v2	2018-08-01			True	66	NEALE	Intra-ocular pressure, goldmann-correlated (left)	['EFO_0004695']	measurement	1	1364721	C	T	0.6759799524000001	True	0.0	0.0	0.0	1.0	0.0	8.873828312000967	0.007380076178557
1:1373006:G:A	MONDO_0005298	EFO_0003882	GCST90018887	1	1373006	G	A	-	-0.089	-0.1207692059220404	-0.0572307940779594				4.0	-8	4e-08	['European=488501' 'East Asian=178726']	[]	18314.0	667227		PMID:34594039	Sakaue S	2021-09-30	Nat Genet	A cross-population atlas of genetic associations for 220 human phenotypes.	False	20	GCST	Osteoporosis	['EFO_0003882']	musculoskeletal or connective tissue disease	1	1364721	C	T	0.8729389133440001	True	0.0	0.0	0.2678638604253125	0.7321361395746875	0.0		
1:1366145:TGTGAA:T	NA	EFO_0011011	NEALE2_20015_raw	1	1366145	TGTGAA	T	+	0.0892582	0.0599091599999999	0.11860724				2.5112	-9	2.5112e-09	['European=360066']	[]		360066	0.0		UKB Neale v2	2018-08-01			True	1021	NEALE	Sitting height	['EFO_0011011']	measurement	1	1364721	C	T								10.788051514937044	0.005993741806622
1:1401954:G:T	NA	EFO_0009270	GCST90025982	1	1401954	G	T	+	0.0164881	0.0107921635999999	0.0221840364				3.2	-8	3.2e-08	['European=445855']	[]		445855		PMID:34226706	Barton AR	2021-07-05	Nat Genet	Whole-exome imputation within UK Biobank powers rare coding variant association and fine-mapping analyses.	True	999	GCST	Heel bone mineral density T score	['EFO_0009270']	measurement	1	1364721	C	T	0.788673653329	True	0.0	0.0	0.0	1.0	0.0		
1:1398218:C:A	NA	EFO_0004339	GCST90025949	1	1398218	C	A	+	0.0151375	0.0102779936	0.0199970064				5.8	-9	5.8e-09	['European=458235']	[]		458235		PMID:34226706	Barton AR	2021-07-05	Nat Genet	Whole-exome imputation within UK Biobank powers rare coding variant association and fine-mapping analyses.	True	1832	GCST	Height	['EFO_0004339']	measurement	1	1364721	C	T	0.788673653329	True	0.0	0.0	0.0	1.0	0.0		
1:1022868:A:G	NA	EFO_0004339	NEALE2_50_raw	1	1022868	A	G	+	0.0908756999999999	0.0605976199999999	0.1211537799999999				4.04012	-9	4.04012e-09	['European=360388']	[]		360388	0.0		UKB Neale v2	2018-08-01			True	1526	NEALE	Standing height	['EFO_0004339']	measurement	1	1367874	A	T								9.267079601765012	0.003603375166537
1:1367373:T:TGTG	NA	EFO_0004695	NEALE2_5263_raw	1	1367373	T	TGTG	-	-0.185772	-0.2522787199999999	-0.11926528				4.392870000000001	-8	4.392870000000001e-08	['European=76510']	[]		76510	0.0		UKB Neale v2	2018-08-01			True	66	NEALE	Intra-ocular pressure, goldmann-correlated (left)	['EFO_0004695']	measurement	1	1367874	A	T	0.6759799524000001	True	0.0	0.0	0.0	1.0	0.0	9.065588397833292	0.008940075610403