name	sequence	category	class	source	ref	chr	start	end	strand	variant_class	variant_pos	SPDI	allele	info
Variant 7193 (chr9:100000294-100000494)	TCCACCCGTCTCGGACTCCCAAAGTGCTGGGATTACAGGCGTGAGCCACGGCGCCCGGCCTGGAGCTTGTGTTACTAAAAGACATGCAAACGCCCTTAACCGCTAAGCTCCTGAGGGGTAACGGTATGCTACAAAAGTGCTTCTGAGCTACTACTCCTGGAGGCTTGGTCCGAGTGACCGCAGCAGTGGGCGCGGTGGAA	variant	test	Supplementary Table S6 from An et al., 2018	GRCh38	chr9	97238011	97238211	+	["SNV"]	[100]	["NC_000009.12:97238111:C:T"]	["ref"]	for questions ask Ahituv lab
Variant 7194 (chr9:100000294-100000494)	TCCACCCGTCTCGGACTCCCAAAGTGCTGGGATTACAGGCGTGAGCCACGGCGCCCGGCCTGGAGCTTGTGTTACTAAAAGACATGCAAACGCCCTTAACTGCTAAGCTCCTGAGGGGTAACGGTATGCTACAAAAGTGCTTCTGAGCTACTACTCCTGGAGGCTTGGTCCGAGTGACCGCAGCAGTGGGCGCGGTGGAA	variant	test	Supplementary Table S6 from An et al., 2018	GRCh38	chr9	97238011	97238211	+	["SNV"]	[100]	["NC_000009.12:97238111:C:T"]	["alt"]	for questions ask Ahituv lab
Variant 7195 (chr9:100743726-100743926)	TTTGCCCTGATGCTAAGGATTAATACCACCTCCTCCGGGAGCCATCAGGTTACCACTCTCTAGCACAGAGCTACCACGTTTAAGACTCCTTCAGCACCATCCCCCCTTTTCCTGCACGAGGACACTTGCATGCTGTTTGGTATTAAAAGCCCTCTGCAACTGTTCCCAACCTACAGCACCAAAGTAGCCCCCCACCATG	variant	test	Supplementary Table S6 from An et al., 2018	GRCh38	chr9	97981444	97981642	+	NA	NA	NA	NA	for questions ask Ahituv lab
Variant 7196 (chr9:100743726-100743926)	TTTGCCCTGATGCTAAGGATTAATACCACCTCCTCCGGGAGCCATCAGGTTACCACTCTCTAGCACAGAGCTACCACGTTTAAGACTCCTTCAGCACCATCCCCCCCTTTTCCTGCACGAGGACACTTGCATGCTGTTTGGTATTAAAAGCCCTCTGCAACTGTTCCCAACCTACAGCACCAAAGTAGCCCCCCACCATG	variant	test	Supplementary Table S6 from An et al., 2018	GRCh38	chr9	97981444	97981642	+	NA	NA	NA	NA	for questions ask Ahituv lab
Variant 7197 (chr9:100744209-100744409)	GTTCTCATAACCTTAGTTACAGACCTTTTGTAACCCTGAGAACATCTGTCTCCATTTTCCCTTGTCATAAAGACGTCTGCTGAGACTACAAACGGAGTCAGGGAACTACTACCAGAAAGTTTTTCTTTTCCCATATTCCTTCTAAAACTTTCATCTTCAAATGTTAACTCACTCAGTATTTTAAAAGCTGATATATAATT	variant	test	Supplementary Table S6 from An et al., 2018	GRCh38	chr9	97981941	97982141	+	["indel"]	[85]	["NC_000009.12:97982027:TACAAACGGAGTCAGGGAACTACTACCA:"]	["ref"]	for questions ask Ahituv lab
Variant 7198 (chr9:100744209-100744409)	GTTCTCATAACCTTAGTTACAGACCTTTTGTAACCCTGAGAACATCTGTCTCCATTTTCCCTTGTCATAAAGACGTCTGCTGAGACGAAAGTTTTTCTTTTCCCATATTCCTTCTAAAACTTTCATCTTCAAATGTTAACTCACTCAGTATTTTAAAAGCTGATATATAATT	variant	test	Supplementary Table S6 from An et al., 2018	GRCh38	chr9	97981941	97982141	+	["indel"]	[85]	["NC_000009.12:97982027:TACAAACGGAGTCAGGGAACTACTACCA:"]	["alt"]	for questions ask Ahituv lab
Variant 7199 (chr9:101568131-101568331)	CTGGGGCTTAAGTCCATGTCTTGTAAGGCCTAATTGCATTTCTCTTTTCTCTGTATCTGAACCTCTATTGAGAAGCATTCCAATTTGGCAAGCGGATCCAAGACATTATGAATTGTAATCCTTGTCTGTTTTCTAATCTGACCGCAGATCTTAAATGTGTTGGGTGTCTGAACAGAGGCCAAAGGGCTCAGGTCCAGACC	variant	test	Supplementary Table S6 from An et al., 2018	GRCh38	chr9	98805848	98806048	+	["SNV"]	[100]	["NC_000009.12:98805948:A:G"]	["ref"]	for questions ask Ahituv lab
Variant 7200 (chr9:101568131-101568331)	CTGGGGCTTAAGTCCATGTCTTGTAAGGCCTAATTGCATTTCTCTTTTCTCTGTATCTGAACCTCTATTGAGAAGCATTCCAATTTGGCAAGCGGATCCAGGACATTATGAATTGTAATCCTTGTCTGTTTTCTAATCTGACCGCAGATCTTAAATGTGTTGGGTGTCTGAACAGAGGCCAAAGGGCTCAGGTCCAGACC	variant	test	Supplementary Table S6 from An et al., 2018	GRCh38	chr9	98805848	98806048	+	["SNV"]	[100]	["NC_000009.12:98805948:A:G"]	["alt"]	for questions ask Ahituv lab
Variant 7199 (chr9:101568131-101568331)	CTGGGGCTTAAGTCCATGTCTTGTAAGGCCTAATTGCATTTCTCTTTTCTCTGTATCTGAACCTCTATTGAGAAGCATTCCAATTTGGCAAGCGGATCCAAGACATTATGAATTGTAATCCTTGTCTGTTTTCTAATCTGACCGCAGATCTTAAATGTGTTGGGTGTCTGAACAGAGGCCAAAGGGCTCAGGTCCAGACC	variant	test	Supplementary Table S6 from An et al., 2018	GRCh38	chr9	98805848	98806048	+	["SNV"]	[100]	["NC_000009.12:98805948:A:G"]	["ref"]	for questions ask Ahituv lab
Variant 7200 (chr9:101568131-101568331)	CTGGGGCTTAAGTCCATGTCTTGTAAGGCCTAATTGCATTTCTCTTTTCTCTGTATCTGAACCTCTATTGAGAAGCATTCCAATTTGGCAAGCGGATCCAGGACATTATGAATTGTAATCCTTGTCTGTTTTCTAATCTGACCGCAGATCTTAAATGTGTTGGGTGTCTGAACAGAGGCCAAAGGGCTCAGGTCCAGACC	variant	test	Supplementary Table S6 from An et al., 2018	GRCh38	chr9	98805848	98806048	+	["SNV"]	[100]	["NC_000009.12:98805948:A:G"]	["alt"]	for questions ask Ahituv lab
