Variant ID (CHROM:GENPOS (hg37):A0:A1:imp:v1),CHROM,GENPOS (hg38),Region ID,Region Start,Region End,MHC,UKBPPP ProteinID,Assay Target,Target UniProt,rsID,A1FREQ (discovery),"BETA (discovery, wrt. A1)",SE (discovery),log10(p) (discovery),A1FREQ (replication),BETA (replication),SE (replication),log10(p) (replication),cis/trans,cis gene,Bioinfomatic annotated gene,Ensembl gene ID,Annotated gene consequence,Biotype,Distance to gene,CADD_phred,SIFT,PolyPhen,PHAST Phylop_score,FitCons_score,IMPACT
2:27730940:T:C:imp:v1,2,27508073,975,26263266,29121418,0,A1BG:P04217:OID30771:v1,A1BG,P04217,rs1260326,0.6084,-0.137,0.007,79.2,0.6306,-0.105,0.010,23.9,trans,-,GCKR,ENSG00000084734,"missense_variant,splice_region_variant",protein_coding,0,,T,Benign,408,0.553676,MODERATE
7:73012042:G:A:imp:v1,7,73597712,1247,72399105,74643687,0,A1BG:P04217:OID30771:v1,A1BG,P04217,rs35332062,0.1265,-0.125,0.011,31.5,0.1184,-0.147,0.015,21.2,trans,-,MLXIPL,ENSG00000009950,"missense_variant,splice_region_variant",protein_coding,0,,"T,T,T,T,T,D",Benign,312,0.695654,MODERATE
12:104000470:T:C:imp:v1,12,103606692,590,102606541,104606692,0,A1BG:P04217:OID30771:v1,A1BG,P04217,rs2723889,0.6728,0.053,0.007,11.8,0.6971,0.047,0.011,4.9,trans,-,STAB2,ENSG00000136011,intron_variant,protein_coding,0,2.678,-,,,-,MODIFIER
19:58861808:A:G:imp:v1,19,58350442,221,55599973,59591511,0,A1BG:P04217:OID30771:v1,A1BG,P04217,rs145144275,0.0090,-2.134,0.038,695.2,0.0084,-2.073,0.054,319.2,cis,A1BG,A1BG,ENSG00000121410,missense_variant,protein_coding,0,,D,Probably Damaging,359,0.455138,MODERATE
3:56849749:T:C:imp:v1,3,56815721,536,55815721,57815721,0,AAMDC:Q9H7C9:OID30236:v1,AAMDC,Q9H7C9,rs1354034,0.6045,0.055,0.007,14.6,0.5595,0.034,0.010,3.3,trans,-,ARHGEF3,ENSG00000163947,"intron_variant,non_coding_transcript_variant",protein_coding_CDS_not_defined,,14.27,,,304,,MODIFIER
11:77583266:G:A:imp:v1,11,77872220,867,75722702,80160753,0,AAMDC:Q9H7C9:OID30236:v1,AAMDC,Q9H7C9,rs2186564,0.1062,-1.064,0.012,1620.5,0.1114,-1.052,0.017,875.9,cis,AAMDC,AAMDC,ENSG00000087884,missense_variant,protein_coding,0,,"D,D,D,D,D",Probably Damaging,515,0.732398,MODERATE
3:56849749:T:C:imp:v1,3,56815721,536,55815721,57831748,0,AARSD1:Q9BTE6:OID21311:v1,AARSD1,Q9BTE6,rs1354034,0.6046,0.067,0.007,19.1,0.5606,0.029,0.010,2.2,trans,-,ARHGEF3,ENSG00000163947,"intron_variant,non_coding_transcript_variant",protein_coding_CDS_not_defined,,14.27,,,304,,MODIFIER
12:54726475:A:G:imp:v1,12,54332691,1143,53332691,55332691,0,AARSD1:Q9BTE6:OID21311:v1,AARSD1,Q9BTE6,rs11170874,0.3309,0.053,0.008,11.0,0.3297,0.028,0.011,2.0,trans,-,MIR148B,ENSG00000199122,upstream_gene_variant,miRNA,4525,1.208,-,,,-,MODIFIER
17:41140545:C:T:imp:v1,17,42988528,1139,41411429,44554184,0,AARSD1:Q9BTE6:OID21311:v1,AARSD1,Q9BTE6,rs323500,0.2899,0.132,0.008,60.6,0.2987,0.103,0.011,19.9,cis,AARSD1,RUNDC1,ENSG00000198863,intron_variant,protein_coding,0,0.964,-,,,-,MODIFIER
9:139914353:A:AC:imp:v1,9,137019901,2915,136017531,138039165,0,ABCA2:Q9BZC7:OID30146:v1,ABCA2,Q9BZC7,-,0.0867,-0.107,0.014,14.4,0.0959,-0.070,0.018,4.0,cis,ABCA2,ABCA2,ENSG00000107331,intron_variant,protein_coding,0,,-,,,-,MODIFIER
3:52004097:C:CG:imp:v1,3,51970081,393,44929623,54493749,0,ABHD14B:Q96IU4:OID20921:v1,ABHD14B,Q96IU4,rs373373105,0.0120,-1.450,0.036,358.6,0.0090,-1.371,0.057,127.5,cis,ABHD14B,ABHD14B,ENSG00000114779,frameshift_variant,protein_coding,0,,-,,368,-,HIGH
3:56849749:T:C:imp:v1,3,56815721,536,55815721,57815721,0,ABHD14B:Q96IU4:OID20921:v1,ABHD14B,Q96IU4,rs1354034,0.6039,0.056,0.008,12.5,0.5593,0.017,0.011,1.0,trans,-,ARHGEF3,ENSG00000163947,"intron_variant,non_coding_transcript_variant",protein_coding_CDS_not_defined,,14.27,,,304,,MODIFIER
8:106581528:A:T:imp:v1,8,105569300,574,104569300,106569300,0,ABHD14B:Q96IU4:OID20921:v1,ABHD14B,Q96IU4,rs6993770,0.2865,-0.059,0.008,12.1,0.3013,-0.033,0.011,2.4,trans,-,ZFPM2,ENSG00000169946,intron_variant,protein_coding,0,4.006,-,,,-,MODIFIER
10:65048306:C:A:imp:v1,10,63288546,1929,62142032,64605625,0,ABHD14B:Q96IU4:OID20921:v1,ABHD14B,Q96IU4,rs7080386,0.4119,0.058,0.008,14.0,0.4097,0.057,0.011,7.3,trans,-,JMJD1C,ENSG00000171988,intron_variant,protein_coding,0,4.35,-,,,-,MODIFIER
3:56849749:T:C:imp:v1,3,56815721,536,55814971,57846416,0,ABL1:P00519:OID21280:v1,ABL1,P00519,rs1354034,0.6046,0.082,0.008,26.5,0.5606,0.075,0.011,11.7,trans,-,ARHGEF3,ENSG00000163947,"intron_variant,non_coding_transcript_variant",protein_coding_CDS_not_defined,,14.27,,,304,,MODIFIER
9:136149229:T:C:imp:v1,9,133273813,9,131483271,134708894,0,ABO:P16442:OID30675:v1,ABO,P16442,rs505922,0.3169,1.171,0.008,4473.1,0.3343,1.126,0.011,2242.0,cis,ABO,ABO,ENSG00000175164,intron_variant,protein_coding,0,4.81,-,,,-,MODIFIER
19:5831840:C:T:imp:v1,19,5831829,83,4827754,6835666,0,ABO:P16442:OID30675:v1,ABO,P16442,rs17855739,0.0411,0.087,0.012,12.0,0.0706,0.060,0.014,4.8,trans,-,FUT6,ENSG00000156413,missense_variant,protein_coding,0,,"D,D,D,D,.",Benign,442,0.422189,MODERATE
3:38170810:C:G:imp:v1,3,38129319,1782,37050140,39310449,0,ACAA1:P09110:OID21269:v1,ACAA1,P09110,rs156265,0.1443,-0.125,0.011,30.3,0.1318,-0.144,0.016,19.2,cis,ACAA1,ACAA1,ENSG00000060971,missense_variant,protein_coding,0,,"T,T",,,0.706548,MODERATE
4:146821410:C:A:imp:v1,4,145900258,1526,144832802,146900258,0,ACAA1:P09110:OID21269:v1,ACAA1,P09110,rs4835265,0.1561,0.085,0.010,15.1,0.1570,0.065,0.015,5.0,trans,-,ZNF827,ENSG00000151612,intron_variant,protein_coding,0,10.53,-,,,-,MODIFIER
18:56090801:G:GT:imp:v1,18,58423569,1830,57416822,59468360,0,ACAA1:P09110:OID21269:v1,ACAA1,P09110,rs11456266,0.7556,-0.072,0.009,15.1,0.7434,-0.028,0.012,1.6,trans,-,-,-,intergenic_variant,-,,,,,,,MODIFIER
1:76189946:G:T:imp:v1,1,75724261,1170,74630594,77010675,0,ACADM:P11310:OID31277:v1,ACADM,P11310,rs61797339,0.3081,0.142,0.008,65.2,0.2815,0.140,0.012,31.4,cis,ACADM,ACADM,ENSG00000117054,upstream_gene_variant,protein_coding,448,7.688,-,,,-,MODIFIER
3:56849749:T:C:imp:v1,3,56815721,536,55815721,57815721,0,ACADSB:P45954:OID30356:v1,ACADSB,P45954,rs1354034,0.6045,0.059,0.008,14.1,0.5597,0.050,0.011,5.4,trans,-,ARHGEF3,ENSG00000163947,"intron_variant,non_coding_transcript_variant",protein_coding_CDS_not_defined,,14.27,,,304,,MODIFIER
5:131677047:G:T:imp:v1,5,132341354,1371,129294532,133497907,0,ACADSB:P45954:OID30356:v1,ACADSB,P45954,rs11242109,0.4813,-0.097,0.008,37.5,0.4424,-0.076,0.011,11.7,trans,-,MIR3936HG,ENSG00000233006,"intron_variant,non_coding_transcript_variant",lncRNA,0,1.762,-,,,-,MODIFIER
7:106372219:C:G:imp:v1,7,106731773,3580,105666734,107733272,0,ACADSB:P45954:OID30356:v1,ACADSB,P45954,rs342293,0.4592,-0.059,0.007,14.6,0.4439,-0.047,0.011,5.1,trans,-,-,ENSG00000243797,"intron_variant,non_coding_transcript_variant",lncRNA,0,7.74,-,,,-,MODIFIER
8:106581528:A:T:imp:v1,8,105569300,574,104500600,106580979,0,ACADSB:P45954:OID30356:v1,ACADSB,P45954,rs6993770,0.2866,-0.090,0.008,26.9,0.3020,-0.056,0.011,6.1,trans,-,ZFPM2,ENSG00000169946,intron_variant,protein_coding,0,4.006,-,,,-,MODIFIER
10:65104500:A:G:imp:v1,10,63344740,1929,62344740,64344740,0,ACADSB:P45954:OID30356:v1,ACADSB,P45954,rs7896518,0.4240,0.052,0.008,10.8,0.4205,0.043,0.011,4.3,trans,-,JMJD1C,ENSG00000171988,intron_variant,protein_coding,0,5.023,-,,,-,MODIFIER
10:124798683:A:T:imp:v1,10,123039167,682,121634988,124131804,0,ACADSB:P45954:OID30356:v1,ACADSB,P45954,rs7913063,0.0847,0.374,0.014,166.5,0.0887,0.347,0.019,77.0,cis,ACADSB,ACADSB,ENSG00000196177,intron_variant,protein_coding,0,1.502,-,,,-,MODIFIER
1:47965130:A:G:imp:v1,1,47499458,1256,46480761,48499458,0,ACAN:P16112:OID20159:v1,ACAN,P16112,rs1337526,0.8033,0.061,0.009,11.4,0.7766,0.047,0.012,4.0,trans,-,RPL21P24,ENSG00000229554,upstream_gene_variant,processed_pseudogene,1117,8.078,-,,,-,MODIFIER
3:98473318:G:A:imp:v1,3,98754474,2431,97600847,100071923,0,ACAN:P16112:OID20159:v1,ACAN,P16112,rs828602,0.4144,0.070,0.007,22.1,0.4360,0.053,0.010,7.1,trans,-,ST3GAL6,ENSG00000064225,intron_variant,protein_coding,,0.223,,,,,MODIFIER
7:17914600:C:T:imp:v1,7,17874977,3441,16871415,18880990,0,ACAN:P16112:OID20159:v1,ACAN,P16112,rs6461354,0.3935,-0.050,0.007,11.7,0.4407,-0.032,0.010,2.8,trans,-,SNX13,ENSG00000071189,intron_variant,protein_coding,0,1.215,-,,,-,MODIFIER
9:79148591:G:A:imp:v1,9,76533675,1491,75371314,77535950,0,ACAN:P16112:OID20159:v1,ACAN,P16112,rs12684083,0.2376,-0.106,0.008,36.9,0.2181,-0.070,0.012,8.1,trans,-,GCNT1,ENSG00000187210,"intron_variant,non_coding_transcript_variant",protein_coding_CDS_not_defined,,5.935,,,,,MODIFIER
9:136141870:C:T:imp:v1,9,133266456,9,132257521,134372523,0,ACAN:P16112:OID20159:v1,ACAN,P16112,rs2519093,0.1845,0.092,0.009,23.6,0.1781,0.081,0.013,9.7,trans,-,ABO,ENSG00000175164,intron_variant,protein_coding,0,7.465,-,,,-,MODIFIER
10:17875857:T:G:imp:v1,10,17833858,1313,16833858,18843438,0,ACAN:P16112:OID20159:v1,ACAN,P16112,rs56278466,0.6612,0.064,0.007,17.2,0.6563,0.047,0.010,5.2,trans,-,MRC1,ENSG00000260314,intron_variant,protein_coding,0,1.058,-,,,-,MODIFIER
10:73782022:A:T:imp:v1,10,72022264,2124,70887597,73968863,0,ACAN:P16112:OID20159:v1,ACAN,P16112,rs11000138,0.3940,-0.196,0.007,159.3,0.3878,-0.174,0.010,63.6,trans,-,-,-,intergenic_variant,-,,1.579,,,,,MODIFIER
11:45684254:C:T:imp:v1,11,45662704,1493,44539198,48670694,0,ACAN:P16112:OID20159:v1,ACAN,P16112,rs895734,0.5884,0.090,0.007,36.1,0.5517,0.078,0.010,14.0,trans,-,CHST1,ENSG00000175264,intron_variant,protein_coding,0,3.316,-,,,-,MODIFIER
11:126228000:C:T:imp:v1,11,126358105,328,125348258,127359722,0,ACAN:P16112:OID20159:v1,ACAN,P16112,rs59379014,0.0723,0.102,0.014,13.3,0.0879,0.046,0.017,2.1,trans,-,GSEC,ENSG00000280832,upstream_gene_variant,lncRNA,2518,1.054,-,,,-,MODIFIER
15:81241246:TGAA:T:imp:v1,15,80948905,1334,79931697,81948905,0,ACAN:P16112:OID20159:v1,ACAN,P16112,rs200201338,0.0228,0.207,0.024,17.9,0.0190,0.194,0.036,7.1,trans,-,CEMIP,ENSG00000103888,inframe_deletion,protein_coding,0,,-,,554,-,MODERATE
15:89253268:T:C:imp:v1,15,88710037,1335,87589215,89905952,0,ACAN:P16112:OID20159:v1,ACAN,P16112,rs4932196,0.1911,0.134,0.009,51.0,0.1857,0.122,0.013,21.0,cis,ACAN,-,-,intergenic_variant,-,,1.67,,,,,MODIFIER
17:7069412:G:A:imp:v1,17,7166093,426,6166093,8288706,0,ACAN:P16112:OID20159:v1,ACAN,P16112,rs186021206,0.0065,0.355,0.048,12.9,0.0053,0.445,0.075,8.6,trans,-,-,-,intergenic_variant,-,,0.844,,,,,MODIFIER
18:394341:C:G:imp:v1,18,394341,2263,0,1428278,0,ACAN:P16112:OID20159:v1,ACAN,P16112,rs55639531,0.2850,0.075,0.008,21.2,0.2673,0.052,0.011,5.4,trans,-,COLEC12,ENSG00000158270,intron_variant,protein_coding,0,2.14,-,,,-,MODIFIER
19:36400231:G:A:imp:v1,19,35909329,233,34838485,36909329,0,ACAN:P16112:OID20159:v1,ACAN,P16112,rs17549173,0.0725,0.108,0.014,14.6,0.0597,0.114,0.021,7.2,trans,-,HCST,ENSG00000126264,downstream_gene_variant,protein_coding,4952,0.457,-,,,-,MODIFIER
9:136138765:GCGCCCACCACTA:G:imp:v1,9,133263362,9,132165599,134534193,0,ACE:P12821:OID30696:v1,ACE,P12821,-,0.1826,-0.266,0.009,176.0,0.1700,-0.281,0.013,96.6,trans,-,ABO,ENSG00000175164,intron_variant,protein_coding,0,,-,,,-,MODIFIER
11:126307796:G:A:imp:v1,11,126437901,328,125426921,127437901,0,ACE:P12821:OID30696:v1,ACE,P12821,rs34434834,0.0333,0.169,0.020,16.5,0.0269,0.112,0.031,3.5,trans,-,KIRREL3,ENSG00000149571,intron_variant,protein_coding,0,8.949,-,,,-,MODIFIER
17:7069412:G:A:imp:v1,17,7166093,426,6166093,8203059,0,ACE:P12821:OID30696:v1,ACE,P12821,rs186021206,0.0064,0.400,0.052,13.9,0.0053,0.334,0.080,4.6,trans,-,-,-,intergenic_variant,-,,0.844,,,,,MODIFIER
17:61573761:T:C:imp:v1,17,63496400,885,61446550,65333051,0,ACE:P12821:OID30696:v1,ACE,P12821,rs4362,0.4820,-0.448,0.008,766.4,0.5010,-0.464,0.011,417.4,cis,ACE,ACE,ENSG00000159640,synonymous_variant,protein_coding,0,3.568,-,,430,-,LOW
2:211540507:C:A:imp:v1,2,210675783,1546,209675783,211675783,0,ACE2:Q9BYF1:OID20105:v1,ACE2,Q9BYF1,rs1047891,0.3133,0.052,0.007,12.0,0.3137,0.043,0.010,4.6,trans,-,CPS1,ENSG00000021826,missense_variant,protein_coding,0,,"T,T,T",Benign,404,0.693126,MODERATE
6:29903267:A:G:imp:v1,6,29935490,3760,25500000,34000000,1,ACE2:Q9BYF1:OID20105:v1,ACE2,Q9BYF1,rs439651,0.5121,0.053,0.007,13.3,0.5170,0.045,0.010,5.1,trans,-,HLA-U,ENSG00000228078,downstream_gene_variant,unprocessed_pseudogene,1204,0.177,-,,,-,MODIFIER
8:126506694:G:A:imp:v1,8,125494452,1125,124462114,126495147,0,ACE2:Q9BYF1:OID20105:v1,ACE2,Q9BYF1,rs112875651,0.3906,-0.078,0.007,27.9,0.3529,-0.068,0.010,10.5,trans,-,-,ENSG00000253111,"intron_variant,non_coding_transcript_variant",lncRNA,0,0.022,-,,,-,MODIFIER
12:121423285:T:C:imp:v1,12,120985482,872,119646466,122052717,0,ACE2:Q9BYF1:OID20105:v1,ACE2,Q9BYF1,rs11065384,0.6926,0.144,0.007,84.6,0.6977,0.129,0.010,34.3,trans,-,HNF1A-AS1,ENSG00000241388,upstream_gene_variant,lncRNA,4711,2.128,-,,,-,MODIFIER
14:24874193:G:T:imp:v1,14,24404987,1938,23402324,25414681,0,ACE2:Q9BYF1:OID20105:v1,ACE2,Q9BYF1,rs72694393,0.4794,0.060,0.007,17.7,0.4378,0.052,0.010,7.0,trans,-,NYNRIN,ENSG00000205978,intron_variant,protein_coding,0,6.113,-,,,-,MODIFIER
14:94844947:C:T:imp:v1,14,94378610,75,93371805,95378610,0,ACE2:Q9BYF1:OID20105:v1,ACE2,Q9BYF1,rs28929474,0.0208,0.219,0.024,19.5,0.0163,0.218,0.037,8.3,trans,-,SERPINA1,ENSG00000197249,missense_variant,protein_coding,0,,"D,D,D,D,D,.,D,D,D",,351,0.516011,MODERATE
14:103567406:A:AT:imp:v1,14,103101069,3507,102092504,104110107,0,ACE2:Q9BYF1:OID20105:v1,ACE2,Q9BYF1,rs550999044,0.2433,0.067,0.008,16.5,0.2387,0.060,0.011,7.1,trans,-,EXOC3L4,ENSG00000205436,intron_variant,protein_coding,0,,-,,,-,MODIFIER
16:51431230:A:C:imp:v1,16,51397319,989,50397319,52402971,0,ACE2:Q9BYF1:OID20105:v1,ACE2,Q9BYF1,rs72787359,0.0734,-0.096,0.013,12.5,0.0603,-0.058,0.020,2.3,trans,-,-,ENSG00000260850,"intron_variant,non_coding_transcript_variant",lncRNA,0,0.179,-,,,-,MODIFIER
22:18450841:TA:T:imp:v1,22,17968075,3628,16968028,18968075,0,ACE2:Q9BYF1:OID20105:v1,ACE2,Q9BYF1,-,0.2374,-0.055,0.008,11.1,0.2268,-0.034,0.011,2.5,trans,-,MICAL3,ENSG00000243156,intron_variant,protein_coding,0,,-,,,-,MODIFIER
X:15664386:G:A:imp:v1,23,15646263,788,14354539,17013888,0,ACE2:Q9BYF1:OID20105:v1,ACE2,Q9BYF1,rs5934255,0.2937,0.149,0.006,128.3,0.2879,0.140,0.009,58.4,cis,ACE2,CLTRN,ENSG00000147003,intron_variant,protein_coding,0,,-,,,-,MODIFIER
1:172415451:C:T:imp:v1,1,172446311,790,171402222,173465672,0,ACHE:P22303:OID30585:v1,ACHE,P22303,rs2269615,0.5599,-0.070,0.007,22.5,0.5224,-0.061,0.010,9.0,trans,-,PIGC,ENSG00000135845,upstream_gene_variant,protein_coding,2242,3.95,-,,,-,MODIFIER
3:52566682:G:A:imp:v1,3,52532666,151,51506757,53543595,0,ACHE:P22303:OID30585:v1,ACHE,P22303,rs7636227,0.5532,0.051,0.007,12.4,0.5463,0.057,0.010,8.0,trans,-,SMIM4,ENSG00000168273,upstream_gene_variant,protein_coding,3939,8.352,-,,,-,MODIFIER
3:186654985:T:C:imp:v1,3,186937196,71,185887899,187962856,0,ACHE:P22303:OID30585:v1,ACHE,P22303,rs35762167,0.5827,-0.107,0.007,50.5,0.5992,-0.093,0.010,20.2,trans,-,ST6GAL1,ENSG00000073849,intron_variant,protein_coding,0,9.329,-,,,-,MODIFIER
7:100512119:C:T:imp:v1,7,100914499,2744,97948250,102507236,0,ACHE:P22303:OID30585:v1,ACHE,P22303,rs6976053,0.4706,0.313,0.007,404.9,0.4505,0.273,0.010,156.1,cis,ACHE,-,-,intergenic_variant,-,,0.388,,,,,MODIFIER
9:136141870:C:T:imp:v1,9,133266456,9,132166937,134498002,0,ACHE:P22303:OID30585:v1,ACHE,P22303,rs2519093,0.1846,-0.173,0.009,80.5,0.1771,-0.161,0.013,36.2,trans,-,ABO,ENSG00000175164,intron_variant,protein_coding,0,7.465,-,,,-,MODIFIER
17:7069412:G:A:imp:v1,17,7166093,426,6085977,8308464,0,ACHE:P22303:OID30585:v1,ACHE,P22303,rs186021206,0.0064,0.496,0.048,24.4,0.0053,0.368,0.074,6.2,trans,-,-,-,intergenic_variant,-,,0.844,,,,,MODIFIER
3:56849749:T:C:imp:v1,3,56815721,536,55814971,57831748,0,ACOT13:Q9NPJ3:OID31522:v1,ACOT13,Q9NPJ3,rs1354034,0.6046,0.068,0.008,18.1,0.5597,0.076,0.011,11.8,trans,-,ARHGEF3,ENSG00000163947,"intron_variant,non_coding_transcript_variant",protein_coding_CDS_not_defined,,14.27,,,304,,MODIFIER
5:131686146:G:A:imp:v1,5,132350453,1371,131223506,133475490,0,ACOT13:Q9NPJ3:OID31522:v1,ACOT13,Q9NPJ3,rs10058074,0.4751,-0.056,0.008,12.8,0.4103,-0.039,0.011,3.4,trans,-,MIR3936HG,ENSG00000233006,"intron_variant,non_coding_transcript_variant",lncRNA,0,0.692,-,,,-,MODIFIER
6:24698187:G:T:imp:v1,6,24697959,1601,23652723,25714205,0,ACOT13:Q9NPJ3:OID31522:v1,ACOT13,Q9NPJ3,rs143667676,0.0021,-1.055,0.082,36.7,0.0021,-1.008,0.115,17.8,cis,ACOT13,ACOT13,ENSG00000112304,missense_variant,protein_coding,0,,"D,D",Probably Damaging,414,0.706298,MODERATE
8:106581528:A:T:imp:v1,8,105569300,574,104509617,106580979,0,ACOT13:Q9NPJ3:OID31522:v1,ACOT13,Q9NPJ3,rs6993770,0.2866,-0.072,0.008,17.2,0.3019,-0.042,0.011,3.6,trans,-,ZFPM2,ENSG00000169946,intron_variant,protein_coding,0,4.006,-,,,-,MODIFIER
10:65193329:CTCTTT:C:imp:v1,10,63433569,1929,62128096,64597678,0,ACOT13:Q9NPJ3:OID31522:v1,ACOT13,Q9NPJ3,-,0.4884,-0.057,0.008,13.3,0.4484,-0.050,0.011,5.4,trans,-,JMJD1C,ENSG00000171988,intron_variant,protein_coding,0,,-,,,-,MODIFIER
12:54723028:G:A:imp:v1,12,54329244,1143,53298277,55336088,0,ACOT13:Q9NPJ3:OID31522:v1,ACOT13,Q9NPJ3,rs6580981,0.4590,0.056,0.008,12.7,0.5110,0.048,0.011,4.9,trans,-,COPZ1,ENSG00000111481,intron_variant,protein_coding,0,3.723,-,,343,-,MODIFIER
17:73951864:T:C:imp:v1,17,75955783,2272,74831124,76958321,0,ACOX1:Q15067:OID20124:v1,ACOX1,Q15067,rs10852766,0.6591,0.078,0.008,21.1,0.6145,0.072,0.011,9.9,cis,ACOX1,ACOX1,ENSG00000161533,intron_variant,protein_coding,0,5.632,-,,,-,MODIFIER
2:272203:C:T:imp:v1,2,272203,305,0,1930758,0,ACP1:P24666:OID30524:v1,ACP1,P24666,rs11553746,0.3549,-0.379,0.008,502.8,0.3202,-0.355,0.011,216.5,cis,ACP1,ACP1,ENSG00000143727,intron_variant,protein_coding,0,,-,Probably Damaging,715,-,MODIFIER
1:161542235:A:G:imp:v1,1,161572445,1882,160515469,162704318,0,ACP5:P13686:OID20314:v1,ACP5,P13686,rs61801010,0.1061,0.105,0.012,18.7,0.0899,0.067,0.018,3.8,trans,-,-,-,regulatory_region_variant,enhancer,,2.111,,,,,MODIFIER
8:105976194:G:C:imp:v1,8,104963966,3228,103946277,105970380,0,ACP5:P13686:OID20314:v1,ACP5,P13686,rs9693404,0.1883,0.079,0.009,18.5,0.1822,0.073,0.013,8.0,trans,-,ZFPM2,ENSG00000169946,"intron_variant,non_coding_transcript_variant",protein_coding_CDS_not_defined,,2.157,,,,,MODIFIER
9:33123464:G:A:imp:v1,9,33123466,1122,32118898,34168893,0,ACP5:P13686:OID20314:v1,ACP5,P13686,rs10813949,0.3103,-0.057,0.007,13.8,0.3433,-0.071,0.010,11.4,trans,-,B4GALT1,ENSG00000086062,intron_variant,protein_coding,0,6.293,-,,,-,MODIFIER
11:128199283:G:A:imp:v1,11,128329388,2773,127319256,129334215,0,ACP5:P13686:OID20314:v1,ACP5,P13686,rs35382467,0.0985,-0.093,0.011,15.5,0.0877,-0.082,0.017,6.0,trans,-,-,ENSG00000289936,upstream_gene_variant,lncRNA,105,13.56,-,,274,-,MODIFIER
12:102190521:C:T:imp:v1,12,101796743,212,100609013,102863758,0,ACP5:P13686:OID20314:v1,ACP5,P13686,rs117566084,0.0099,0.364,0.034,25.3,0.0074,0.280,0.055,6.3,trans,-,GNPTAB,ENSG00000111670,missense_variant,protein_coding,0,,"T,T,T,T",Benign,670,0.732398,MODERATE
14:66052055:C:T:imp:v1,14,65585337,2891,64393374,66694109,0,ACP5:P13686:OID20314:v1,ACP5,P13686,rs1958559,0.6020,0.055,0.007,14.5,0.5728,0.034,0.010,3.3,trans,-,FUT8,ENSG00000033170,intron_variant,protein_coding,0,0.589,-,,,-,MODIFIER
14:94844562:C:T:imp:v1,14,94378225,75,93310657,95382864,0,ACP5:P13686:OID20314:v1,ACP5,P13686,rs2073333,0.2528,0.109,0.008,43.0,0.2499,0.095,0.011,16.5,trans,-,SERPINA1,ENSG00000197249,3_prime_UTR_variant,protein_coding,0,2.257,-,,,-,MODIFIER
16:79576621:G:T:imp:v1,16,79542724,3322,78520098,80549237,0,ACP5:P13686:OID20314:v1,ACP5,P13686,rs78755089,0.0845,0.108,0.012,17.8,0.0887,0.088,0.017,6.5,trans,-,-,-,regulatory_region_variant,enhancer,,11.98,,,,,MODIFIER
17:7069412:G:A:imp:v1,17,7166093,426,6166093,8166093,0,ACP5:P13686:OID20314:v1,ACP5,P13686,rs186021206,0.0063,0.332,0.047,11.7,0.0052,0.312,0.074,4.6,trans,-,-,-,intergenic_variant,-,,0.844,,,,,MODIFIER
19:11687351:C:T:imp:v1,19,11576536,331,10271222,13451186,0,ACP5:P13686:OID20314:v1,ACP5,P13686,rs2305799,0.1233,-0.504,0.011,462.9,0.1150,-0.481,0.016,206.2,cis,ACP5,ACP5,ENSG00000102575,missense_variant,protein_coding,0,,".,T,T,.,T",Benign,,0.706298,MODERATE
1:147758522:T:C:imp:v1,1,38661844,28,37661844,39661844,0,ACP6:Q9NPH0:OID21432:v1,ACP6,Q9NPH0,rs2999719,0.9291,0.249,0.015,59.4,0.9095,0.165,0.019,16.8,trans,-,-,-,intergenic_variant,-,,0.569,,,,,MODIFIER
1:120515032:T:C:imp:v1,1,119972409,29,118972409,120972409,0,ACP6:Q9NPH0:OID21432:v1,ACP6,Q9NPH0,rs77542178,0.0207,-0.181,0.027,11.0,0.0164,-0.177,0.041,4.7,trans,-,NOTCH2,ENSG00000134250,intron_variant,protein_coding,0,0.014,-,,,-,MODIFIER
1:147124310:T:G:imp:v1,1,147652507,89,143454765,152543799,0,ACP6:Q9NPH0:OID21432:v1,ACP6,Q9NPH0,rs2153463,0.7017,1.014,0.008,3210.9,0.6980,0.984,0.012,1587.1,cis,ACP6,ACP6,ENSG00000162836,synonymous_variant,protein_coding,0,3.239,-,,,-,LOW
7:106373646:C:T:imp:v1,7,106733200,3580,105727158,107733272,0,ACRBP:Q8NEB7:OID31385:v1,ACRBP,Q8NEB7,rs342298,0.4550,-0.053,0.008,11.6,0.4377,-0.039,0.010,3.8,trans,-,-,ENSG00000243797,upstream_gene_variant,lncRNA,751,2.759,-,,,-,MODIFIER
8:106581528:A:T:imp:v1,8,105569300,574,104502951,106580979,0,ACRBP:Q8NEB7:OID31385:v1,ACRBP,Q8NEB7,rs6993770,0.2864,-0.065,0.008,14.4,0.3018,-0.033,0.011,2.5,trans,-,ZFPM2,ENSG00000169946,intron_variant,protein_coding,0,4.006,-,,,-,MODIFIER
10:64901792:A:AT:imp:v1,10,63142032,1929,62114994,64640511,0,ACRBP:Q8NEB7:OID31385:v1,ACRBP,Q8NEB7,rs150230220,0.3111,0.077,0.008,20.3,0.2840,0.066,0.012,7.7,trans,-,NRBF2,ENSG00000148572,intron_variant,protein_coding,0,,-,,,-,MODIFIER
12:6754191:A:G:imp:v1,12,6645025,2415,5447780,7730955,0,ACRBP:Q8NEB7:OID31385:v1,ACRBP,Q8NEB7,rs7959658,0.3611,0.161,0.008,92.9,0.3238,0.138,0.011,33.3,cis,ACRBP,ACRBP,ENSG00000111644,intron_variant,protein_coding,0,10.45,-,,,-,MODIFIER
19:55539072:T:G:imp:v1,19,55027704,4,54025227,56027704,0,ACRBP:Q8NEB7:OID31385:v1,ACRBP,Q8NEB7,rs892090,0.8342,0.069,0.010,11.0,0.8278,0.064,0.014,5.5,trans,-,GP6-AS1,ENSG00000267265,"intron_variant,non_coding_transcript_variant",lncRNA,0,10.58,-,,,-,MODIFIER
11:125573435:CTT:C:imp:v1,11,125703540,2044,124517380,126896149,0,ACRV1:P26436:OID30513:v1,ACRV1,P26436,rs113811036,0.1931,0.066,0.006,24.9,0.1960,0.082,0.009,21.2,cis,ACRV1,-,-,intergenic_variant,-,,,,,,,MODIFIER
17:44646182:G:A:imp:v1,17,46568816,1416,45568816,47568816,0,ACRV1:P26436:OID30513:v1,ACRV1,P26436,rs369963387,0.7288,-0.042,0.006,10.8,0.6958,-0.047,0.008,7.7,trans,-,ARL17A,ENSG00000185829,intron_variant,protein_coding,0,1.491,-,,,-,MODIFIER
14:107152516:G:A:imp:v1,14,106696499,2087,105665565,107717627,0,ACSL1:P33121:OID30080:v1,ACSL1,P33121,rs56295533,0.2064,0.096,0.011,17.9,0.2223,0.049,0.015,2.9,trans,-,IGHVIII-67-3,ENSG00000253635,upstream_gene_variant,IG_V_pseudogene,3611,0.001,-,,,-,MODIFIER
10:90751516:C:T:imp:v1,10,88991759,2387,87981858,90001263,0,ACTA2:P62736:OID20079:v1,ACTA2,P62736,rs1324551,0.4988,-0.060,0.007,18.0,0.5160,-0.040,0.009,4.8,cis,ACTA2,FAS,ENSG00000026103,intron_variant,protein_coding,0,7.585,-,,,-,MODIFIER
11:22200440:CG:C:imp:v1,11,22178894,3390,21152863,23299407,0,ACTN2:P35609:OID30192:v1,ACTN2,P35609,-,0.5267,0.077,0.008,23.2,0.4852,0.090,0.011,16.2,trans,-,ANO5,ENSG00000171714,"intron_variant,non_coding_transcript_variant",protein_coding_CDS_not_defined,,,,,,,MODIFIER
1:150742542:C:T:imp:v1,1,150770066,3553,149700500,151884699,0,ACVRL1:P37023:OID20999:v1,ACVRL1,P37023,rs75581187,0.0718,-0.094,0.014,11.3,0.0594,-0.071,0.021,3.3,trans,-,CTSS,ENSG00000163131,upstream_gene_variant,protein_coding,4288,0.499,-,,,-,MODIFIER
6:31237950:T:C:imp:v1,6,31270173,3760,25500000,34000000,1,ACVRL1:P37023:OID20999:v1,ACVRL1,P37023,rs9264623,0.6391,-0.057,0.007,14.2,0.6632,-0.056,0.010,7.1,trans,-,HLA-C,ENSG00000204525,intron_variant,protein_coding,0,10.16,-,,,-,MODIFIER
9:136184526:G:A:imp:v1,9,133317691,9,132242881,134317691,0,ACVRL1:P37023:OID20999:v1,ACVRL1,P37023,rs11244079,0.0503,0.110,0.016,11.2,0.0533,0.084,0.022,3.9,trans,-,LCN1P2,ENSG00000204031,upstream_gene_variant,unprocessed_pseudogene,103,5.95,-,,,-,MODIFIER
12:52306221:C:T:imp:v1,12,51912437,366,50533956,53158474,0,ACVRL1:P37023:OID20999:v1,ACVRL1,P37023,rs2277382,0.0801,0.568,0.013,397.6,0.0780,0.450,0.018,131.4,cis,ACVRL1,ACVRL1,ENSG00000139567,intron_variant,protein_coding,0,,-,Benign,,-,MODIFIER
21:42619544:C:A:imp:v1,21,41247617,206,40234597,42283724,0,ACVRL1:P37023:OID20999:v1,ACVRL1,P37023,rs2837988,0.3617,0.082,0.007,27.8,0.3967,0.051,0.010,6.2,trans,-,BACE2,ENSG00000182240,intron_variant,protein_coding,0,3.454,-,,,-,MODIFIER
2:27730940:T:C:imp:v1,2,27508073,975,26375230,28530004,0,ACY1:Q03154:OID20137:v1,ACY1,Q03154,rs1260326,0.6083,-0.071,0.007,21.6,0.6301,-0.048,0.010,5.4,trans,-,GCKR,ENSG00000084734,"missense_variant,splice_region_variant",protein_coding,0,,T,Benign,408,0.553676,MODERATE
3:52022837:C:T:imp:v1,3,51988821,572,45453468,54178746,0,ACY1:Q03154:OID20137:v1,ACY1,Q03154,rs121912698,0.0044,-1.692,0.054,217.0,0.0040,-1.546,0.078,86.8,cis,ACY1,ACY1,ENSG00000243989,missense_variant,protein_coding,0,,"D,.,D,D,D,D,.",Probably Damaging,354,0.634777,MODERATE
22:44324855:G:A:imp:v1,22,43928975,1258,42928847,44983685,0,ACY1:Q03154:OID20137:v1,ACY1,Q03154,rs3747207,0.2153,0.077,0.009,18.3,0.2079,0.063,0.012,6.6,trans,-,PNPLA3,ENSG00000100344,intron_variant,protein_coding,0,1.66,-,,,-,MODIFIER
