Position,rsID,MAF,REF,ALT,Uniq_ID,VEP_ensembl_Gene_Name,VEP_ensembl_Consequence,CADD_phred,fathmm_XF_coding_or_noncoding,FANTOM5_enhancer_expressed_tissue_cell
5031031,rs1441313282,0.010486891385767793,C,T,5031031:C:T,FP565260.3|FP565260.3|FP565260.3|FP565260.3|FP565260.3,"intron_variant|intron_variant|intron_variant|intron_variant,NMD_transcript_variant|intron_variant",2.135,.,.
5031335,rs1333126576,0.0011235955056179776,CA,C,5031335:CA:C,FP565260.3|FP565260.3|FP565260.3|FP565260.3|FP565260.3,"intron_variant|intron_variant|intron_variant|intron_variant,NMD_transcript_variant|intron_variant",0.517,.,.
5031340,rs1465771304,0.0033707865168539327,G,A,5031340:G:A,FP565260.3|FP565260.3|FP565260.3|FP565260.3|FP565260.3,"intron_variant|intron_variant|intron_variant|intron_variant,NMD_transcript_variant|intron_variant",1.334,.,.
5031942,rs1425170995,0.00037453183520599247,G,A,5031942:G:A,FP565260.3|FP565260.3|FP565260.3|FP565260.3|FP565260.3,"intron_variant|intron_variant|intron_variant|intron_variant,NMD_transcript_variant|intron_variant",0.539,.,.
5031951,rs1156582960,0.00037453183520599247,T,C,5031951:T:C,FP565260.3|FP565260.3|FP565260.3|FP565260.3|FP565260.3,"intron_variant|intron_variant|intron_variant|intron_variant,NMD_transcript_variant|intron_variant",5.326,.,.
5032028,rs1365726692,0.12883895131086145,C,T,5032028:C:T,FP565260.3|FP565260.3|FP565260.3|FP565260.3|FP565260.3,"intron_variant|intron_variant|intron_variant|intron_variant,NMD_transcript_variant|intron_variant",0.293,.,.
5032123,rs1489548959,0.0033707865168539327,G,A,5032123:G:A,FP565260.3|FP565260.3|FP565260.3|FP565260.3|FP565260.3,"synonymous_variant|synonymous_variant|synonymous_variant|3_prime_UTR_variant,NMD_transcript_variant|synonymous_variant",0.151,.,.
5032940,rs1335121482,0.0007490636704119849,G,T,5032940:G:T,FP565260.3|FP565260.3|FP565260.3|FP565260.3|FP565260.3,"intron_variant|intron_variant|intron_variant|intron_variant,NMD_transcript_variant|intron_variant",0.186,.,.
5033361,rs1285147383,0.00037453183520599247,G,A,5033361:G:A,FP565260.3|FP565260.3|FP565260.3|FP565260.3|FP565260.3,"intron_variant|intron_variant|intron_variant|intron_variant,NMD_transcript_variant|intron_variant",4.604,.,.
5033553,rs1987158266,0.00037453183520599247,T,C,5033553:T:C,FP565260.3|FP565260.3|FP565260.3|FP565260.3|FP565260.3,"intron_variant|intron_variant|intron_variant|intron_variant,NMD_transcript_variant|intron_variant",3.882,.,.
5033576,rs1183332027,0.00037453183520599247,C,T,5033576:C:T,FP565260.3|FP565260.3|FP565260.3|FP565260.3|FP565260.3,"intron_variant|intron_variant|intron_variant|intron_variant,NMD_transcript_variant|intron_variant",0.558,.,.
5034049,rs1222277745,0.0014981273408239699,G,A,5034049:G:A,FP565260.3|FP565260.3|FP565260.3|FP565260.3|FP565260.3,"intron_variant|intron_variant|intron_variant|intron_variant,NMD_transcript_variant|intron_variant",0.824,.,.
5034175,rs1987173443,0.00037453183520599247,G,T,5034175:G:T,FP565260.3|FP565260.3|FP565260.3|FP565260.3|FP565260.3,"intron_variant|intron_variant|intron_variant|intron_variant,NMD_transcript_variant|intron_variant",0.048,.,.
5034209,rs1467714172,0.00037453183520599247,G,A,5034209:G:A,FP565260.3|FP565260.3|FP565260.3|FP565260.3|FP565260.3,"intron_variant|intron_variant|intron_variant|intron_variant,NMD_transcript_variant|intron_variant",0.028,.,.
5034221,rs1185098937,0.003745318352059925,G,A,5034221:G:A,FP565260.3|FP565260.3|FP565260.3|FP565260.3|FP565260.3,"intron_variant|intron_variant|intron_variant|intron_variant,NMD_transcript_variant|intron_variant",0.144,.,.